timestamp,outdoor_temp_c,baseline_lighting_kw,baseline_equipment_kw,co2_generation_rate
2023-07-01T00:00,23.4,2.0,4.0,0.1
2023-07-01T00:05,23.28,2.0,4.0,0.1
2023-07-01T00:10,23.17,2.0,4.0,0.1
2023-07-01T00:15,23.05,2.0,4.0,0.1
2023-07-01T00:20,22.93,2.0,4.0,0.1
2023-07-01T00:25,22.82,2.0,4.0,0.1
2023-07-01T00:30,22.7,2.0,4.0,0.1
2023-07-01T00:35,22.58,2.0,4.0,0.1
2023-07-01T00:40,22.47,2.0,4.0,0.1
2023-07-01T00:45,22.35,2.0,4.0,0.1
2023-07-01T00:50,22.23,2.0,4.0,0.1
2023-07-01T00:55,22.12,2.0,4.0,0.1
2023-07-01T01:00,22.0,2.0,4.0,0.1
2023-07-01T01:05,21.93,2.0,4.0,0.1
2023-07-01T01:10,21.87,2.0,4.0,0.1
2023-07-01T01:15,21.8,2.0,4.0,0.1
2023-07-01T01:20,21.73,2.0,4.0,0.1
2023-07-01T01:25,21.67,2.0,4.0,0.1
2023-07-01T01:30,21.6,2.0,4.0,0.1
2023-07-01T01:35,21.53,2.0,4.0,0.1
2023-07-01T01:40,21.47,2.0,4.0,0.1
2023-07-01T01:45,21.4,2.0,4.0,0.1
2023-07-01T01:50,21.33,2.0,4.0,0.1
2023-07-01T01:55,21.27,2.0,4.0,0.1
2023-07-01T02:00,21.2,2.0,4.0,0.1
2023-07-01T02:05,21.12,2.0,4.0,0.1
2023-07-01T02:10,21.05,2.0,4.0,0.1
2023-07-01T02:15,20.98,2.0,4.0,0.1
2023-07-01T02:20,20.9,2.0,4.0,0.1
2023-07-01T02:25,20.82,2.0,4.0,0.1
2023-07-01T02:30,20.75,2.0,4.0,0.1
2023-07-01T02:35,20.68,2.0,4.0,0.1
2023-07-01T02:40,20.6,2.0,4.0,0.1
2023-07-01T02:45,20.52,2.0,4.0,0.1
2023-07-01T02:50,20.45,2.0,4.0,0.1
2023-07-01T02:55,20.38,2.0,4.0,0.1
2023-07-01T03:00,20.3,2.0,4.0,0.1
2023-07-01T03:05,20.24,2.0,4.0,0.1
2023-07-01T03:10,20.18,2.0,4.0,0.1
2023-07-01T03:15,20.12,2.0,4.0,0.1
2023-07-01T03:20,20.07,2.0,4.0,0.1
2023-07-01T03:25,20.01,2.0,4.0,0.1
2023-07-01T03:30,19.95,2.0,4.0,0.1
2023-07-01T03:35,19.89,2.0,4.0,0.1
2023-07-01T03:40,19.83,2.0,4.0,0.1
2023-07-01T03:45,19.78,2.0,4.0,0.1
2023-07-01T03:50,19.72,2.0,4.0,0.1
2023-07-01T03:55,19.66,2.0,4.0,0.1
2023-07-01T04:00,19.6,2.0,4.0,0.1
2023-07-01T04:05,19.58,2.0,4.0,0.1
2023-07-01T04:10,19.55,2.0,4.0,0.1
2023-07-01T04:15,19.53,2.0,4.0,0.1
2023-07-01T04:20,19.5,2.0,4.0,0.1
2023-07-01T04:25,19.48,2.0,4.0,0.1
2023-07-01T04:30,19.45,2.0,4.0,0.1
2023-07-01T04:35,19.43,2.0,4.0,0.1
2023-07-01T04:40,19.4,2.0,4.0,0.1
2023-07-01T04:45,19.38,2.0,4.0,0.1
2023-07-01T04:50,19.35,2.0,4.0,0.1
2023-07-01T04:55,19.32,2.0,4.0,0.1
2023-07-01T05:00,19.3,2.0,4.0,0.1
2023-07-01T05:05,19.29,2.0,4.0,0.1
2023-07-01T05:10,19.28,2.0,4.0,0.1
2023-07-01T05:15,19.27,2.0,4.0,0.1
2023-07-01T05:20,19.27,2.0,4.0,0.1
2023-07-01T05:25,19.26,2.0,4.0,0.1
2023-07-01T05:30,19.25,2.0,4.0,0.1
2023-07-01T05:35,19.24,2.0,4.0,0.1
2023-07-01T05:40,19.23,2.0,4.0,0.1
2023-07-01T05:45,19.23,2.0,4.0,0.1
2023-07-01T05:50,19.22,2.0,4.0,0.1
2023-07-01T05:55,19.21,2.0,4.0,0.1
2023-07-01T06:00,19.2,2.0,4.0,0.1
2023-07-01T06:05,19.1,2.0,4.0,0.1
2023-07-01T06:10,19.0,2.0,4.0,0.1
2023-07-01T06:15,18.9,2.0,4.0,0.1
2023-07-01T06:20,18.8,2.0,4.0,0.1
2023-07-01T06:25,18.7,2.0,4.0,0.1
2023-07-01T06:30,18.6,2.0,4.0,0.1
2023-07-01T06:35,18.5,2.0,4.0,0.1
2023-07-01T06:40,18.4,2.0,4.0,0.1
2023-07-01T06:45,18.3,2.0,4.0,0.1
2023-07-01T06:50,18.2,2.0,4.0,0.1
2023-07-01T06:55,18.1,2.0,4.0,0.1
2023-07-01T07:00,18.0,2.0,4.0,0.1
2023-07-01T07:05,18.02,2.0,4.0,0.1
2023-07-01T07:10,18.03,2.0,4.0,0.1
2023-07-01T07:15,18.05,2.0,4.0,0.1
2023-07-01T07:20,18.07,2.0,4.0,0.1
2023-07-01T07:25,18.08,2.0,4.0,0.1
2023-07-01T07:30,18.1,2.0,4.0,0.1
2023-07-01T07:35,18.12,2.0,4.0,0.1
2023-07-01T07:40,18.13,2.0,4.0,0.1
2023-07-01T07:45,18.15,2.0,4.0,0.1
2023-07-01T07:50,18.17,2.0,4.0,0.1
2023-07-01T07:55,18.18,2.0,4.0,0.1
2023-07-01T08:00,18.2,12.0,20.0,1.0
2023-07-01T08:05,18.26,12.0,20.0,1.0
2023-07-01T08:10,18.32,12.0,20.0,1.0
2023-07-01T08:15,18.38,12.0,20.0,1.0
2023-07-01T08:20,18.43,12.0,20.0,1.0
2023-07-01T08:25,18.49,12.0,20.0,1.0
2023-07-01T08:30,18.55,12.0,20.0,1.0
2023-07-01T08:35,18.61,12.0,20.0,1.0
2023-07-01T08:40,18.67,12.0,20.0,1.0
2023-07-01T08:45,18.72,12.0,20.0,1.0
2023-07-01T08:50,18.78,12.0,20.0,1.0
2023-07-01T08:55,18.84,12.0,20.0,1.0
2023-07-01T09:00,18.9,12.0,20.0,1.0
2023-07-01T09:05,18.8,12.0,20.0,1.0
2023-07-01T09:10,18.7,12.0,20.0,1.0
2023-07-01T09:15,18.6,12.0,20.0,1.0
2023-07-01T09:20,18.5,12.0,20.0,1.0
2023-07-01T09:25,18.4,12.0,20.0,1.0
2023-07-01T09:30,18.3,12.0,20.0,1.0
2023-07-01T09:35,18.2,12.0,20.0,1.0
2023-07-01T09:40,18.1,12.0,20.0,1.0
2023-07-01T09:45,18.0,12.0,20.0,1.0
2023-07-01T09:50,17.9,12.0,20.0,1.0
2023-07-01T09:55,17.8,12.0,20.0,1.0
2023-07-01T10:00,17.7,12.0,20.0,1.0
2023-07-01T10:05,17.88,12.0,20.0,1.0
2023-07-01T10:10,18.07,12.0,20.0,1.0
2023-07-01T10:15,18.25,12.0,20.0,1.0
2023-07-01T10:20,18.43,12.0,20.0,1.0
2023-07-01T10:25,18.62,12.0,20.0,1.0
2023-07-01T10:30,18.8,12.0,20.0,1.0
2023-07-01T10:35,18.98,12.0,20.0,1.0
2023-07-01T10:40,19.17,12.0,20.0,1.0
2023-07-01T10:45,19.35,12.0,20.0,1.0
2023-07-01T10:50,19.53,12.0,20.0,1.0
2023-07-01T10:55,19.72,12.0,20.0,1.0
2023-07-01T11:00,19.9,12.0,20.0,1.0
2023-07-01T11:05,20.09,12.0,20.0,1.0
2023-07-01T11:10,20.28,12.0,20.0,1.0
2023-07-01T11:15,20.47,12.0,20.0,1.0
2023-07-01T11:20,20.67,12.0,20.0,1.0
2023-07-01T11:25,20.86,12.0,20.0,1.0
2023-07-01T11:30,21.05,12.0,20.0,1.0
2023-07-01T11:35,21.24,12.0,20.0,1.0
2023-07-01T11:40,21.43,12.0,20.0,1.0
2023-07-01T11:45,21.62,12.0,20.0,1.0
2023-07-01T11:50,21.82,12.0,20.0,1.0
2023-07-01T11:55,22.01,12.0,20.0,1.0
2023-07-01T12:00,22.2,12.0,20.0,1.0
2023-07-01T12:05,22.35,12.0,20.0,1.0
2023-07-01T12:10,22.5,12.0,20.0,1.0
2023-07-01T12:15,22.65,12.0,20.0,1.0
2023-07-01T12:20,22.8,12.0,20.0,1.0
2023-07-01T12:25,22.95,12.0,20.0,1.0
2023-07-01T12:30,23.1,12.0,20.0,1.0
2023-07-01T12:35,23.25,12.0,20.0,1.0
2023-07-01T12:40,23.4,12.0,20.0,1.0
2023-07-01T12:45,23.55,12.0,20.0,1.0
2023-07-01T12:50,23.7,12.0,20.0,1.0
2023-07-01T12:55,23.85,12.0,20.0,1.0
2023-07-01T13:00,24.0,12.0,20.0,1.0
2023-07-01T13:05,24.11,12.0,20.0,1.0
2023-07-01T13:10,24.22,12.0,20.0,1.0
2023-07-01T13:15,24.32,12.0,20.0,1.0
2023-07-01T13:20,24.43,12.0,20.0,1.0
2023-07-01T13:25,24.54,12.0,20.0,1.0
2023-07-01T13:30,24.65,12.0,20.0,1.0
2023-07-01T13:35,24.76,12.0,20.0,1.0
2023-07-01T13:40,24.87,12.0,20.0,1.0
2023-07-01T13:45,24.98,12.0,20.0,1.0
2023-07-01T13:50,25.08,12.0,20.0,1.0
2023-07-01T13:55,25.19,12.0,20.0,1.0
2023-07-01T14:00,25.3,12.0,20.0,1.0
2023-07-01T14:05,25.38,12.0,20.0,1.0
2023-07-01T14:10,25.47,12.0,20.0,1.0
2023-07-01T14:15,25.55,12.0,20.0,1.0
2023-07-01T14:20,25.63,12.0,20.0,1.0
2023-07-01T14:25,25.72,12.0,20.0,1.0
2023-07-01T14:30,25.8,12.0,20.0,1.0
2023-07-01T14:35,25.88,12.0,20.0,1.0
2023-07-01T14:40,25.97,12.0,20.0,1.0
2023-07-01T14:45,26.05,12.0,20.0,1.0
2023-07-01T14:50,26.13,12.0,20.0,1.0
2023-07-01T14:55,26.22,12.0,20.0,1.0
2023-07-01T15:00,26.3,12.0,20.0,1.0
2023-07-01T15:05,26.33,12.0,20.0,1.0
2023-07-01T15:10,26.37,12.0,20.0,1.0
2023-07-01T15:15,26.4,12.0,20.0,1.0
2023-07-01T15:20,26.43,12.0,20.0,1.0
2023-07-01T15:25,26.47,12.0,20.0,1.0
2023-07-01T15:30,26.5,12.0,20.0,1.0
2023-07-01T15:35,26.53,12.0,20.0,1.0
2023-07-01T15:40,26.57,12.0,20.0,1.0
2023-07-01T15:45,26.6,12.0,20.0,1.0
2023-07-01T15:50,26.63,12.0,20.0,1.0
2023-07-01T15:55,26.67,12.0,20.0,1.0
2023-07-01T16:00,26.7,12.0,20.0,1.0
2023-07-01T16:05,26.72,12.0,20.0,1.0
2023-07-01T16:10,26.73,12.0,20.0,1.0
2023-07-01T16:15,26.75,12.0,20.0,1.0
2023-07-01T16:20,26.77,12.0,20.0,1.0
2023-07-01T16:25,26.78,12.0,20.0,1.0
2023-07-01T16:30,26.8,12.0,20.0,1.0
2023-07-01T16:35,26.82,12.0,20.0,1.0
2023-07-01T16:40,26.83,12.0,20.0,1.0
2023-07-01T16:45,26.85,12.0,20.0,1.0
2023-07-01T16:50,26.87,12.0,20.0,1.0
2023-07-01T16:55,26.88,12.0,20.0,1.0
2023-07-01T17:00,26.9,12.0,20.0,1.0
2023-07-01T17:05,26.88,12.0,20.0,1.0
2023-07-01T17:10,26.85,12.0,20.0,1.0
2023-07-01T17:15,26.82,12.0,20.0,1.0
2023-07-01T17:20,26.8,12.0,20.0,1.0
2023-07-01T17:25,26.77,12.0,20.0,1.0
2023-07-01T17:30,26.75,12.0,20.0,1.0
2023-07-01T17:35,26.73,12.0,20.0,1.0
2023-07-01T17:40,26.7,12.0,20.0,1.0
2023-07-01T17:45,26.68,12.0,20.0,1.0
2023-07-01T17:50,26.65,12.0,20.0,1.0
2023-07-01T17:55,26.62,12.0,20.0,1.0
2023-07-01T18:00,26.6,2.0,4.0,0.1
2023-07-01T18:05,26.6,2.0,4.0,0.1
2023-07-01T18:10,26.6,2.0,4.0,0.1
2023-07-01T18:15,26.6,2.0,4.0,0.1
2023-07-01T18:20,26.6,2.0,4.0,0.1
2023-07-01T18:25,26.6,2.0,4.0,0.1
2023-07-01T18:30,26.6,2.0,4.0,0.1
2023-07-01T18:35,26.6,2.0,4.0,0.1
2023-07-01T18:40,26.6,2.0,4.0,0.1
2023-07-01T18:45,26.6,2.0,4.0,0.1
2023-07-01T18:50,26.6,2.0,4.0,0.1
2023-07-01T18:55,26.6,2.0,4.0,0.1
2023-07-01T19:00,26.6,2.0,4.0,0.1
2023-07-01T19:05,26.57,2.0,4.0,0.1
2023-07-01T19:10,26.53,2.0,4.0,0.1
2023-07-01T19:15,26.5,2.0,4.0,0.1
2023-07-01T19:20,26.47,2.0,4.0,0.1
2023-07-01T19:25,26.43,2.0,4.0,0.1
2023-07-01T19:30,26.4,2.0,4.0,0.1
2023-07-01T19:35,26.37,2.0,4.0,0.1
2023-07-01T19:40,26.33,2.0,4.0,0.1
2023-07-01T19:45,26.3,2.0,4.0,0.1
2023-07-01T19:50,26.27,2.0,4.0,0.1
2023-07-01T19:55,26.23,2.0,4.0,0.1
2023-07-01T20:00,26.2,2.0,4.0,0.1
2023-07-01T20:05,26.16,2.0,4.0,0.1
2023-07-01T20:10,26.12,2.0,4.0,0.1
2023-07-01T20:15,26.07,2.0,4.0,0.1
2023-07-01T20:20,26.03,2.0,4.0,0.1
2023-07-01T20:25,25.99,2.0,4.0,0.1
2023-07-01T20:30,25.95,2.0,4.0,0.1
2023-07-01T20:35,25.91,2.0,4.0,0.1
2023-07-01T20:40,25.87,2.0,4.0,0.1
2023-07-01T20:45,25.82,2.0,4.0,0.1
2023-07-01T20:50,25.78,2.0,4.0,0.1
2023-07-01T20:55,25.74,2.0,4.0,0.1
2023-07-01T21:00,25.7,2.0,4.0,0.1
2023-07-01T21:05,25.59,2.0,4.0,0.1
2023-07-01T21:10,25.48,2.0,4.0,0.1
2023-07-01T21:15,25.38,2.0,4.0,0.1
2023-07-01T21:20,25.27,2.0,4.0,0.1
2023-07-01T21:25,25.16,2.0,4.0,0.1
2023-07-01T21:30,25.05,2.0,4.0,0.1
2023-07-01T21:35,24.94,2.0,4.0,0.1
2023-07-01T21:40,24.83,2.0,4.0,0.1
2023-07-01T21:45,24.72,2.0,4.0,0.1
2023-07-01T21:50,24.62,2.0,4.0,0.1
2023-07-01T21:55,24.51,2.0,4.0,0.1
2023-07-01T22:00,24.4,2.0,4.0,0.1
2023-07-01T22:05,24.3,2.0,4.0,0.1
2023-07-01T22:10,24.2,2.0,4.0,0.1
2023-07-01T22:15,24.1,2.0,4.0,0.1
2023-07-01T22:20,24.0,2.0,4.0,0.1
2023-07-01T22:25,23.9,2.0,4.0,0.1
2023-07-01T22:30,23.8,2.0,4.0,0.1
2023-07-01T22:35,23.7,2.0,4.0,0.1
2023-07-01T22:40,23.6,2.0,4.0,0.1
2023-07-01T22:45,23.5,2.0,4.0,0.1
2023-07-01T22:50,23.4,2.0,4.0,0.1
2023-07-01T22:55,23.3,2.0,4.0,0.1
2023-07-01T23:00,23.2,2.0,4.0,0.1
2023-07-01T23:05,23.13,2.0,4.0,0.1
2023-07-01T23:10,23.07,2.0,4.0,0.1
2023-07-01T23:15,23.0,2.0,4.0,0.1
2023-07-01T23:20,22.93,2.0,4.0,0.1
2023-07-01T23:25,22.87,2.0,4.0,0.1
2023-07-01T23:30,22.8,2.0,4.0,0.1
2023-07-01T23:35,22.73,2.0,4.0,0.1
2023-07-01T23:40,22.67,2.0,4.0,0.1
2023-07-01T23:45,22.6,2.0,4.0,0.1
2023-07-01T23:50,22.53,2.0,4.0,0.1
2023-07-01T23:55,22.47,2.0,4.0,0.1
2023-07-02T00:00,22.4,2.0,4.0,0.1
2023-07-02T00:05,22.32,2.0,4.0,0.1
2023-07-02T00:10,22.23,2.0,4.0,0.1
2023-07-02T00:15,22.15,2.0,4.0,0.1
2023-07-02T00:20,22.07,2.0,4.0,0.1
2023-07-02T00:25,21.98,2.0,4.0,0.1
2023-07-02T00:30,21.9,2.0,4.0,0.1
2023-07-02T00:35,21.82,2.0,4.0,0.1
2023-07-02T00:40,21.73,2.0,4.0,0.1
2023-07-02T00:45,21.65,2.0,4.0,0.1
2023-07-02T00:50,21.57,2.0,4.0,0.1
2023-07-02T00:55,21.48,2.0,4.0,0.1
2023-07-02T01:00,21.4,2.0,4.0,0.1
2023-07-02T01:05,21.39,2.0,4.0,0.1
2023-07-02T01:10,21.38,2.0,4.0,0.1
2023-07-02T01:15,21.38,2.0,4.0,0.1
2023-07-02T01:20,21.37,2.0,4.0,0.1
2023-07-02T01:25,21.36,2.0,4.0,0.1
2023-07-02T01:30,21.35,2.0,4.0,0.1
2023-07-02T01:35,21.34,2.0,4.0,0.1
2023-07-02T01:40,21.33,2.0,4.0,0.1
2023-07-02T01:45,21.32,2.0,4.0,0.1
2023-07-02T01:50,21.32,2.0,4.0,0.1
2023-07-02T01:55,21.31,2.0,4.0,0.1
2023-07-02T02:00,21.3,2.0,4.0,0.1
2023-07-02T02:05,21.29,2.0,4.0,0.1
2023-07-02T02:10,21.28,2.0,4.0,0.1
2023-07-02T02:15,21.27,2.0,4.0,0.1
2023-07-02T02:20,21.27,2.0,4.0,0.1
2023-07-02T02:25,21.26,2.0,4.0,0.1
2023-07-02T02:30,21.25,2.0,4.0,0.1
2023-07-02T02:35,21.24,2.0,4.0,0.1
2023-07-02T02:40,21.23,2.0,4.0,0.1
2023-07-02T02:45,21.23,2.0,4.0,0.1
2023-07-02T02:50,21.22,2.0,4.0,0.1
2023-07-02T02:55,21.21,2.0,4.0,0.1
2023-07-02T03:00,21.2,2.0,4.0,0.1
2023-07-02T03:05,21.16,2.0,4.0,0.1
2023-07-02T03:10,21.12,2.0,4.0,0.1
2023-07-02T03:15,21.07,2.0,4.0,0.1
2023-07-02T03:20,21.03,2.0,4.0,0.1
2023-07-02T03:25,20.99,2.0,4.0,0.1
2023-07-02T03:30,20.95,2.0,4.0,0.1
2023-07-02T03:35,20.91,2.0,4.0,0.1
2023-07-02T03:40,20.87,2.0,4.0,0.1
2023-07-02T03:45,20.82,2.0,4.0,0.1
2023-07-02T03:50,20.78,2.0,4.0,0.1
2023-07-02T03:55,20.74,2.0,4.0,0.1
2023-07-02T04:00,20.7,2.0,4.0,0.1
2023-07-02T04:05,20.69,2.0,4.0,0.1
2023-07-02T04:10,20.68,2.0,4.0,0.1
2023-07-02T04:15,20.68,2.0,4.0,0.1
2023-07-02T04:20,20.67,2.0,4.0,0.1
2023-07-02T04:25,20.66,2.0,4.0,0.1
2023-07-02T04:30,20.65,2.0,4.0,0.1
2023-07-02T04:35,20.64,2.0,4.0,0.1
2023-07-02T04:40,20.63,2.0,4.0,0.1
2023-07-02T04:45,20.62,2.0,4.0,0.1
2023-07-02T04:50,20.62,2.0,4.0,0.1
2023-07-02T04:55,20.61,2.0,4.0,0.1
2023-07-02T05:00,20.6,2.0,4.0,0.1
2023-07-02T05:05,20.58,2.0,4.0,0.1
2023-07-02T05:10,20.57,2.0,4.0,0.1
2023-07-02T05:15,20.55,2.0,4.0,0.1
2023-07-02T05:20,20.53,2.0,4.0,0.1
2023-07-02T05:25,20.52,2.0,4.0,0.1
2023-07-02T05:30,20.5,2.0,4.0,0.1
2023-07-02T05:35,20.48,2.0,4.0,0.1
2023-07-02T05:40,20.47,2.0,4.0,0.1
2023-07-02T05:45,20.45,2.0,4.0,0.1
2023-07-02T05:50,20.43,2.0,4.0,0.1
2023-07-02T05:55,20.42,2.0,4.0,0.1
2023-07-02T06:00,20.4,2.0,4.0,0.1
2023-07-02T06:05,20.42,2.0,4.0,0.1
2023-07-02T06:10,20.43,2.0,4.0,0.1
2023-07-02T06:15,20.45,2.0,4.0,0.1
2023-07-02T06:20,20.47,2.0,4.0,0.1
2023-07-02T06:25,20.48,2.0,4.0,0.1
2023-07-02T06:30,20.5,2.0,4.0,0.1
2023-07-02T06:35,20.52,2.0,4.0,0.1
2023-07-02T06:40,20.53,2.0,4.0,0.1
2023-07-02T06:45,20.55,2.0,4.0,0.1
2023-07-02T06:50,20.57,2.0,4.0,0.1
2023-07-02T06:55,20.58,2.0,4.0,0.1
2023-07-02T07:00,20.6,2.0,4.0,0.1
2023-07-02T07:05,20.63,2.0,4.0,0.1
2023-07-02T07:10,20.67,2.0,4.0,0.1
2023-07-02T07:15,20.7,2.0,4.0,0.1
2023-07-02T07:20,20.73,2.0,4.0,0.1
2023-07-02T07:25,20.77,2.0,4.0,0.1
2023-07-02T07:30,20.8,2.0,4.0,0.1
2023-07-02T07:35,20.83,2.0,4.0,0.1
2023-07-02T07:40,20.87,2.0,4.0,0.1
2023-07-02T07:45,20.9,2.0,4.0,0.1
2023-07-02T07:50,20.93,2.0,4.0,0.1
2023-07-02T07:55,20.97,2.0,4.0,0.1
2023-07-02T08:00,21.0,12.0,20.0,1.0
2023-07-02T08:05,20.99,12.0,20.0,1.0
2023-07-02T08:10,20.98,12.0,20.0,1.0
2023-07-02T08:15,20.98,12.0,20.0,1.0
2023-07-02T08:20,20.97,12.0,20.0,1.0
2023-07-02T08:25,20.96,12.0,20.0,1.0
2023-07-02T08:30,20.95,12.0,20.0,1.0
2023-07-02T08:35,20.94,12.0,20.0,1.0
2023-07-02T08:40,20.93,12.0,20.0,1.0
2023-07-02T08:45,20.92,12.0,20.0,1.0
2023-07-02T08:50,20.92,12.0,20.0,1.0
2023-07-02T08:55,20.91,12.0,20.0,1.0
2023-07-02T09:00,20.9,12.0,20.0,1.0
2023-07-02T09:05,20.9,12.0,20.0,1.0
2023-07-02T09:10,20.9,12.0,20.0,1.0
2023-07-02T09:15,20.9,12.0,20.0,1.0
2023-07-02T09:20,20.9,12.0,20.0,1.0
2023-07-02T09:25,20.9,12.0,20.0,1.0
2023-07-02T09:30,20.9,12.0,20.0,1.0
2023-07-02T09:35,20.9,12.0,20.0,1.0
2023-07-02T09:40,20.9,12.0,20.0,1.0
2023-07-02T09:45,20.9,12.0,20.0,1.0
2023-07-02T09:50,20.9,12.0,20.0,1.0
2023-07-02T09:55,20.9,12.0,20.0,1.0
2023-07-02T10:00,20.9,12.0,20.0,1.0
2023-07-02T10:05,20.92,12.0,20.0,1.0
2023-07-02T10:10,20.93,12.0,20.0,1.0
2023-07-02T10:15,20.95,12.0,20.0,1.0
2023-07-02T10:20,20.97,12.0,20.0,1.0
2023-07-02T10:25,20.98,12.0,20.0,1.0
2023-07-02T10:30,21.0,12.0,20.0,1.0
2023-07-02T10:35,21.02,12.0,20.0,1.0
2023-07-02T10:40,21.03,12.0,20.0,1.0
2023-07-02T10:45,21.05,12.0,20.0,1.0
2023-07-02T10:50,21.07,12.0,20.0,1.0
2023-07-02T10:55,21.08,12.0,20.0,1.0
2023-07-02T11:00,21.1,12.0,20.0,1.0
2023-07-02T11:05,21.2,12.0,20.0,1.0
2023-07-02T11:10,21.3,12.0,20.0,1.0
2023-07-02T11:15,21.4,12.0,20.0,1.0
2023-07-02T11:20,21.5,12.0,20.0,1.0
2023-07-02T11:25,21.6,12.0,20.0,1.0
2023-07-02T11:30,21.7,12.0,20.0,1.0
2023-07-02T11:35,21.8,12.0,20.0,1.0
2023-07-02T11:40,21.9,12.0,20.0,1.0
2023-07-02T11:45,22.0,12.0,20.0,1.0
2023-07-02T11:50,22.1,12.0,20.0,1.0
2023-07-02T11:55,22.2,12.0,20.0,1.0
2023-07-02T12:00,22.3,12.0,20.0,1.0
2023-07-02T12:05,22.43,12.0,20.0,1.0
2023-07-02T12:10,22.57,12.0,20.0,1.0
2023-07-02T12:15,22.7,12.0,20.0,1.0
2023-07-02T12:20,22.83,12.0,20.0,1.0
2023-07-02T12:25,22.97,12.0,20.0,1.0
2023-07-02T12:30,23.1,12.0,20.0,1.0
2023-07-02T12:35,23.23,12.0,20.0,1.0
2023-07-02T12:40,23.37,12.0,20.0,1.0
2023-07-02T12:45,23.5,12.0,20.0,1.0
2023-07-02T12:50,23.63,12.0,20.0,1.0
2023-07-02T12:55,23.77,12.0,20.0,1.0
2023-07-02T13:00,23.9,12.0,20.0,1.0
2023-07-02T13:05,24.05,12.0,20.0,1.0
2023-07-02T13:10,24.2,12.0,20.0,1.0
2023-07-02T13:15,24.35,12.0,20.0,1.0
2023-07-02T13:20,24.5,12.0,20.0,1.0
2023-07-02T13:25,24.65,12.0,20.0,1.0
2023-07-02T13:30,24.8,12.0,20.0,1.0
2023-07-02T13:35,24.95,12.0,20.0,1.0
2023-07-02T13:40,25.1,12.0,20.0,1.0
2023-07-02T13:45,25.25,12.0,20.0,1.0
2023-07-02T13:50,25.4,12.0,20.0,1.0
2023-07-02T13:55,25.55,12.0,20.0,1.0
2023-07-02T14:00,25.7,12.0,20.0,1.0
2023-07-02T14:05,25.84,12.0,20.0,1.0
2023-07-02T14:10,25.98,12.0,20.0,1.0
2023-07-02T14:15,26.12,12.0,20.0,1.0
2023-07-02T14:20,26.27,12.0,20.0,1.0
2023-07-02T14:25,26.41,12.0,20.0,1.0
2023-07-02T14:30,26.55,12.0,20.0,1.0
2023-07-02T14:35,26.69,12.0,20.0,1.0
2023-07-02T14:40,26.83,12.0,20.0,1.0
2023-07-02T14:45,26.97,12.0,20.0,1.0
2023-07-02T14:50,27.12,12.0,20.0,1.0
2023-07-02T14:55,27.26,12.0,20.0,1.0
2023-07-02T15:00,27.4,12.0,20.0,1.0
2023-07-02T15:05,27.54,12.0,20.0,1.0
2023-07-02T15:10,27.68,12.0,20.0,1.0
2023-07-02T15:15,27.82,12.0,20.0,1.0
2023-07-02T15:20,27.97,12.0,20.0,1.0
2023-07-02T15:25,28.11,12.0,20.0,1.0
2023-07-02T15:30,28.25,12.0,20.0,1.0
2023-07-02T15:35,28.39,12.0,20.0,1.0
2023-07-02T15:40,28.53,12.0,20.0,1.0
2023-07-02T15:45,28.68,12.0,20.0,1.0
2023-07-02T15:50,28.82,12.0,20.0,1.0
2023-07-02T15:55,28.96,12.0,20.0,1.0
2023-07-02T16:00,29.1,12.0,20.0,1.0
2023-07-02T16:05,29.21,12.0,20.0,1.0
2023-07-02T16:10,29.32,12.0,20.0,1.0
2023-07-02T16:15,29.43,12.0,20.0,1.0
2023-07-02T16:20,29.53,12.0,20.0,1.0
2023-07-02T16:25,29.64,12.0,20.0,1.0
2023-07-02T16:30,29.75,12.0,20.0,1.0
2023-07-02T16:35,29.86,12.0,20.0,1.0
2023-07-02T16:40,29.97,12.0,20.0,1.0
2023-07-02T16:45,30.07,12.0,20.0,1.0
2023-07-02T16:50,30.18,12.0,20.0,1.0
2023-07-02T16:55,30.29,12.0,20.0,1.0
2023-07-02T17:00,30.4,12.0,20.0,1.0
2023-07-02T17:05,30.47,12.0,20.0,1.0
2023-07-02T17:10,30.55,12.0,20.0,1.0
2023-07-02T17:15,30.62,12.0,20.0,1.0
2023-07-02T17:20,30.7,12.0,20.0,1.0
2023-07-02T17:25,30.77,12.0,20.0,1.0
2023-07-02T17:30,30.85,12.0,20.0,1.0
2023-07-02T17:35,30.93,12.0,20.0,1.0
2023-07-02T17:40,31.0,12.0,20.0,1.0
2023-07-02T17:45,31.07,12.0,20.0,1.0
2023-07-02T17:50,31.15,12.0,20.0,1.0
2023-07-02T17:55,31.23,12.0,20.0,1.0
2023-07-02T18:00,31.3,2.0,4.0,0.1
2023-07-02T18:05,31.12,2.0,4.0,0.1
2023-07-02T18:10,30.95,2.0,4.0,0.1
2023-07-02T18:15,30.77,2.0,4.0,0.1
2023-07-02T18:20,30.6,2.0,4.0,0.1
2023-07-02T18:25,30.43,2.0,4.0,0.1
2023-07-02T18:30,30.25,2.0,4.0,0.1
2023-07-02T18:35,30.07,2.0,4.0,0.1
2023-07-02T18:40,29.9,2.0,4.0,0.1
2023-07-02T18:45,29.73,2.0,4.0,0.1
2023-07-02T18:50,29.55,2.0,4.0,0.1
2023-07-02T18:55,29.38,2.0,4.0,0.1
2023-07-02T19:00,29.2,2.0,4.0,0.1
2023-07-02T19:05,29.09,2.0,4.0,0.1
2023-07-02T19:10,28.98,2.0,4.0,0.1
2023-07-02T19:15,28.88,2.0,4.0,0.1
2023-07-02T19:20,28.77,2.0,4.0,0.1
2023-07-02T19:25,28.66,2.0,4.0,0.1
2023-07-02T19:30,28.55,2.0,4.0,0.1
2023-07-02T19:35,28.44,2.0,4.0,0.1
2023-07-02T19:40,28.33,2.0,4.0,0.1
2023-07-02T19:45,28.22,2.0,4.0,0.1
2023-07-02T19:50,28.12,2.0,4.0,0.1
2023-07-02T19:55,28.01,2.0,4.0,0.1
2023-07-02T20:00,27.9,2.0,4.0,0.1
2023-07-02T20:05,27.95,2.0,4.0,0.1
2023-07-02T20:10,28.0,2.0,4.0,0.1
2023-07-02T20:15,28.05,2.0,4.0,0.1
2023-07-02T20:20,28.1,2.0,4.0,0.1
2023-07-02T20:25,28.15,2.0,4.0,0.1
2023-07-02T20:30,28.2,2.0,4.0,0.1
2023-07-02T20:35,28.25,2.0,4.0,0.1
2023-07-02T20:40,28.3,2.0,4.0,0.1
2023-07-02T20:45,28.35,2.0,4.0,0.1
2023-07-02T20:50,28.4,2.0,4.0,0.1
2023-07-02T20:55,28.45,2.0,4.0,0.1
2023-07-02T21:00,28.5,2.0,4.0,0.1
2023-07-02T21:05,28.34,2.0,4.0,0.1
2023-07-02T21:10,28.18,2.0,4.0,0.1
2023-07-02T21:15,28.02,2.0,4.0,0.1
2023-07-02T21:20,27.87,2.0,4.0,0.1
2023-07-02T21:25,27.71,2.0,4.0,0.1
2023-07-02T21:30,27.55,2.0,4.0,0.1
2023-07-02T21:35,27.39,2.0,4.0,0.1
2023-07-02T21:40,27.23,2.0,4.0,0.1
2023-07-02T21:45,27.08,2.0,4.0,0.1
2023-07-02T21:50,26.92,2.0,4.0,0.1
2023-07-02T21:55,26.76,2.0,4.0,0.1
2023-07-02T22:00,26.6,2.0,4.0,0.1
2023-07-02T22:05,26.34,2.0,4.0,0.1
2023-07-02T22:10,26.08,2.0,4.0,0.1
2023-07-02T22:15,25.83,2.0,4.0,0.1
2023-07-02T22:20,25.57,2.0,4.0,0.1
2023-07-02T22:25,25.31,2.0,4.0,0.1
2023-07-02T22:30,25.05,2.0,4.0,0.1
2023-07-02T22:35,24.79,2.0,4.0,0.1
2023-07-02T22:40,24.53,2.0,4.0,0.1
2023-07-02T22:45,24.27,2.0,4.0,0.1
2023-07-02T22:50,24.02,2.0,4.0,0.1
2023-07-02T22:55,23.76,2.0,4.0,0.1
2023-07-02T23:00,23.5,2.0,4.0,0.1
2023-07-02T23:05,23.58,2.0,4.0,0.1
2023-07-02T23:10,23.67,2.0,4.0,0.1
2023-07-02T23:15,23.75,2.0,4.0,0.1
2023-07-02T23:20,23.83,2.0,4.0,0.1
2023-07-02T23:25,23.92,2.0,4.0,0.1
2023-07-02T23:30,24.0,2.0,4.0,0.1
2023-07-02T23:35,24.08,2.0,4.0,0.1
2023-07-02T23:40,24.17,2.0,4.0,0.1
2023-07-02T23:45,24.25,2.0,4.0,0.1
2023-07-02T23:50,24.33,2.0,4.0,0.1
2023-07-02T23:55,24.42,2.0,4.0,0.1
2023-07-03T00:00,24.5,2.0,4.0,0.1
2023-07-03T00:05,24.5,2.0,4.0,0.1
2023-07-03T00:10,24.5,2.0,4.0,0.1
2023-07-03T00:15,24.5,2.0,4.0,0.1
2023-07-03T00:20,24.5,2.0,4.0,0.1
2023-07-03T00:25,24.5,2.0,4.0,0.1
2023-07-03T00:30,24.5,2.0,4.0,0.1
2023-07-03T00:35,24.5,2.0,4.0,0.1
2023-07-03T00:40,24.5,2.0,4.0,0.1
2023-07-03T00:45,24.5,2.0,4.0,0.1
2023-07-03T00:50,24.5,2.0,4.0,0.1
2023-07-03T00:55,24.5,2.0,4.0,0.1
2023-07-03T01:00,24.5,2.0,4.0,0.1
2023-07-03T01:05,24.43,2.0,4.0,0.1
2023-07-03T01:10,24.37,2.0,4.0,0.1
2023-07-03T01:15,24.3,2.0,4.0,0.1
2023-07-03T01:20,24.23,2.0,4.0,0.1
2023-07-03T01:25,24.17,2.0,4.0,0.1
2023-07-03T01:30,24.1,2.0,4.0,0.1
2023-07-03T01:35,24.03,2.0,4.0,0.1
2023-07-03T01:40,23.97,2.0,4.0,0.1
2023-07-03T01:45,23.9,2.0,4.0,0.1
2023-07-03T01:50,23.83,2.0,4.0,0.1
2023-07-03T01:55,23.77,2.0,4.0,0.1
2023-07-03T02:00,23.7,2.0,4.0,0.1
2023-07-03T02:05,23.66,2.0,4.0,0.1
2023-07-03T02:10,23.62,2.0,4.0,0.1
2023-07-03T02:15,23.57,2.0,4.0,0.1
2023-07-03T02:20,23.53,2.0,4.0,0.1
2023-07-03T02:25,23.49,2.0,4.0,0.1
2023-07-03T02:30,23.45,2.0,4.0,0.1
2023-07-03T02:35,23.41,2.0,4.0,0.1
2023-07-03T02:40,23.37,2.0,4.0,0.1
2023-07-03T02:45,23.32,2.0,4.0,0.1
2023-07-03T02:50,23.28,2.0,4.0,0.1
2023-07-03T02:55,23.24,2.0,4.0,0.1
2023-07-03T03:00,23.2,2.0,4.0,0.1
2023-07-03T03:05,23.23,2.0,4.0,0.1
2023-07-03T03:10,23.27,2.0,4.0,0.1
2023-07-03T03:15,23.3,2.0,4.0,0.1
2023-07-03T03:20,23.33,2.0,4.0,0.1
2023-07-03T03:25,23.37,2.0,4.0,0.1
2023-07-03T03:30,23.4,2.0,4.0,0.1
2023-07-03T03:35,23.43,2.0,4.0,0.1
2023-07-03T03:40,23.47,2.0,4.0,0.1
2023-07-03T03:45,23.5,2.0,4.0,0.1
2023-07-03T03:50,23.53,2.0,4.0,0.1
2023-07-03T03:55,23.57,2.0,4.0,0.1
2023-07-03T04:00,23.6,2.0,4.0,0.1
2023-07-03T04:05,23.61,2.0,4.0,0.1
2023-07-03T04:10,23.62,2.0,4.0,0.1
2023-07-03T04:15,23.62,2.0,4.0,0.1
2023-07-03T04:20,23.63,2.0,4.0,0.1
2023-07-03T04:25,23.64,2.0,4.0,0.1
2023-07-03T04:30,23.65,2.0,4.0,0.1
2023-07-03T04:35,23.66,2.0,4.0,0.1
2023-07-03T04:40,23.67,2.0,4.0,0.1
2023-07-03T04:45,23.68,2.0,4.0,0.1
2023-07-03T04:50,23.68,2.0,4.0,0.1
2023-07-03T04:55,23.69,2.0,4.0,0.1
2023-07-03T05:00,23.7,2.0,4.0,0.1
2023-07-03T05:05,23.68,2.0,4.0,0.1
2023-07-03T05:10,23.65,2.0,4.0,0.1
2023-07-03T05:15,23.62,2.0,4.0,0.1
2023-07-03T05:20,23.6,2.0,4.0,0.1
2023-07-03T05:25,23.57,2.0,4.0,0.1
2023-07-03T05:30,23.55,2.0,4.0,0.1
2023-07-03T05:35,23.52,2.0,4.0,0.1
2023-07-03T05:40,23.5,2.0,4.0,0.1
2023-07-03T05:45,23.47,2.0,4.0,0.1
2023-07-03T05:50,23.45,2.0,4.0,0.1
2023-07-03T05:55,23.42,2.0,4.0,0.1
2023-07-03T06:00,23.4,2.0,4.0,0.1
2023-07-03T06:05,23.37,2.0,4.0,0.1
2023-07-03T06:10,23.33,2.0,4.0,0.1
2023-07-03T06:15,23.3,2.0,4.0,0.1
2023-07-03T06:20,23.27,2.0,4.0,0.1
2023-07-03T06:25,23.23,2.0,4.0,0.1
2023-07-03T06:30,23.2,2.0,4.0,0.1
2023-07-03T06:35,23.17,2.0,4.0,0.1
2023-07-03T06:40,23.13,2.0,4.0,0.1
2023-07-03T06:45,23.1,2.0,4.0,0.1
2023-07-03T06:50,23.07,2.0,4.0,0.1
2023-07-03T06:55,23.03,2.0,4.0,0.1
2023-07-03T07:00,23.0,2.0,4.0,0.1
2023-07-03T07:05,22.98,2.0,4.0,0.1
2023-07-03T07:10,22.95,2.0,4.0,0.1
2023-07-03T07:15,22.93,2.0,4.0,0.1
2023-07-03T07:20,22.9,2.0,4.0,0.1
2023-07-03T07:25,22.88,2.0,4.0,0.1
2023-07-03T07:30,22.85,2.0,4.0,0.1
2023-07-03T07:35,22.82,2.0,4.0,0.1
2023-07-03T07:40,22.8,2.0,4.0,0.1
2023-07-03T07:45,22.77,2.0,4.0,0.1
2023-07-03T07:50,22.75,2.0,4.0,0.1
2023-07-03T07:55,22.72,2.0,4.0,0.1
2023-07-03T08:00,22.7,12.0,20.0,1.0
2023-07-03T08:05,22.69,12.0,20.0,1.0
2023-07-03T08:10,22.68,12.0,20.0,1.0
2023-07-03T08:15,22.68,12.0,20.0,1.0
2023-07-03T08:20,22.67,12.0,20.0,1.0
2023-07-03T08:25,22.66,12.0,20.0,1.0
2023-07-03T08:30,22.65,12.0,20.0,1.0
2023-07-03T08:35,22.64,12.0,20.0,1.0
2023-07-03T08:40,22.63,12.0,20.0,1.0
2023-07-03T08:45,22.62,12.0,20.0,1.0
2023-07-03T08:50,22.62,12.0,20.0,1.0
2023-07-03T08:55,22.61,12.0,20.0,1.0
2023-07-03T09:00,22.6,12.0,20.0,1.0
2023-07-03T09:05,22.58,12.0,20.0,1.0
2023-07-03T09:10,22.57,12.0,20.0,1.0
2023-07-03T09:15,22.55,12.0,20.0,1.0
2023-07-03T09:20,22.53,12.0,20.0,1.0
2023-07-03T09:25,22.52,12.0,20.0,1.0
2023-07-03T09:30,22.5,12.0,20.0,1.0
2023-07-03T09:35,22.48,12.0,20.0,1.0
2023-07-03T09:40,22.47,12.0,20.0,1.0
2023-07-03T09:45,22.45,12.0,20.0,1.0
2023-07-03T09:50,22.43,12.0,20.0,1.0
2023-07-03T09:55,22.42,12.0,20.0,1.0
2023-07-03T10:00,22.4,12.0,20.0,1.0
2023-07-03T10:05,22.47,12.0,20.0,1.0
2023-07-03T10:10,22.53,12.0,20.0,1.0
2023-07-03T10:15,22.6,12.0,20.0,1.0
2023-07-03T10:20,22.67,12.0,20.0,1.0
2023-07-03T10:25,22.73,12.0,20.0,1.0
2023-07-03T10:30,22.8,12.0,20.0,1.0
2023-07-03T10:35,22.87,12.0,20.0,1.0
2023-07-03T10:40,22.93,12.0,20.0,1.0
2023-07-03T10:45,23.0,12.0,20.0,1.0
2023-07-03T10:50,23.07,12.0,20.0,1.0
2023-07-03T10:55,23.13,12.0,20.0,1.0
2023-07-03T11:00,23.2,12.0,20.0,1.0
2023-07-03T11:05,23.2,12.0,20.0,1.0
2023-07-03T11:10,23.2,12.0,20.0,1.0
2023-07-03T11:15,23.2,12.0,20.0,1.0
2023-07-03T11:20,23.2,12.0,20.0,1.0
2023-07-03T11:25,23.2,12.0,20.0,1.0
2023-07-03T11:30,23.2,12.0,20.0,1.0
2023-07-03T11:35,23.2,12.0,20.0,1.0
2023-07-03T11:40,23.2,12.0,20.0,1.0
2023-07-03T11:45,23.2,12.0,20.0,1.0
2023-07-03T11:50,23.2,12.0,20.0,1.0
2023-07-03T11:55,23.2,12.0,20.0,1.0
2023-07-03T12:00,23.2,12.0,20.0,1.0
2023-07-03T12:05,23.26,12.0,20.0,1.0
2023-07-03T12:10,23.32,12.0,20.0,1.0
2023-07-03T12:15,23.38,12.0,20.0,1.0
2023-07-03T12:20,23.43,12.0,20.0,1.0
2023-07-03T12:25,23.49,12.0,20.0,1.0
2023-07-03T12:30,23.55,12.0,20.0,1.0
2023-07-03T12:35,23.61,12.0,20.0,1.0
2023-07-03T12:40,23.67,12.0,20.0,1.0
2023-07-03T12:45,23.72,12.0,20.0,1.0
2023-07-03T12:50,23.78,12.0,20.0,1.0
2023-07-03T12:55,23.84,12.0,20.0,1.0
2023-07-03T13:00,23.9,12.0,20.0,1.0
2023-07-03T13:05,24.13,12.0,20.0,1.0
2023-07-03T13:10,24.37,12.0,20.0,1.0
2023-07-03T13:15,24.6,12.0,20.0,1.0
2023-07-03T13:20,24.83,12.0,20.0,1.0
2023-07-03T13:25,25.07,12.0,20.0,1.0
2023-07-03T13:30,25.3,12.0,20.0,1.0
2023-07-03T13:35,25.53,12.0,20.0,1.0
2023-07-03T13:40,25.77,12.0,20.0,1.0
2023-07-03T13:45,26.0,12.0,20.0,1.0
2023-07-03T13:50,26.23,12.0,20.0,1.0
2023-07-03T13:55,26.47,12.0,20.0,1.0
2023-07-03T14:00,26.7,12.0,20.0,1.0
2023-07-03T14:05,26.88,12.0,20.0,1.0
2023-07-03T14:10,27.05,12.0,20.0,1.0
2023-07-03T14:15,27.23,12.0,20.0,1.0
2023-07-03T14:20,27.4,12.0,20.0,1.0
2023-07-03T14:25,27.57,12.0,20.0,1.0
2023-07-03T14:30,27.75,12.0,20.0,1.0
2023-07-03T14:35,27.93,12.0,20.0,1.0
2023-07-03T14:40,28.1,12.0,20.0,1.0
2023-07-03T14:45,28.27,12.0,20.0,1.0
2023-07-03T14:50,28.45,12.0,20.0,1.0
2023-07-03T14:55,28.62,12.0,20.0,1.0
2023-07-03T15:00,28.8,12.0,20.0,1.0
2023-07-03T15:05,28.6,12.0,20.0,1.0
2023-07-03T15:10,28.4,12.0,20.0,1.0
2023-07-03T15:15,28.2,12.0,20.0,1.0
2023-07-03T15:20,28.0,12.0,20.0,1.0
2023-07-03T15:25,27.8,12.0,20.0,1.0
2023-07-03T15:30,27.6,12.0,20.0,1.0
2023-07-03T15:35,27.4,12.0,20.0,1.0
2023-07-03T15:40,27.2,12.0,20.0,1.0
2023-07-03T15:45,27.0,12.0,20.0,1.0
2023-07-03T15:50,26.8,12.0,20.0,1.0
2023-07-03T15:55,26.6,12.0,20.0,1.0
2023-07-03T16:00,26.4,12.0,20.0,1.0
2023-07-03T16:05,26.55,12.0,20.0,1.0
2023-07-03T16:10,26.7,12.0,20.0,1.0
2023-07-03T16:15,26.85,12.0,20.0,1.0
2023-07-03T16:20,27.0,12.0,20.0,1.0
2023-07-03T16:25,27.15,12.0,20.0,1.0
2023-07-03T16:30,27.3,12.0,20.0,1.0
2023-07-03T16:35,27.45,12.0,20.0,1.0
2023-07-03T16:40,27.6,12.0,20.0,1.0
2023-07-03T16:45,27.75,12.0,20.0,1.0
2023-07-03T16:50,27.9,12.0,20.0,1.0
2023-07-03T16:55,28.05,12.0,20.0,1.0
2023-07-03T17:00,28.2,12.0,20.0,1.0
2023-07-03T17:05,28.33,12.0,20.0,1.0
2023-07-03T17:10,28.47,12.0,20.0,1.0
2023-07-03T17:15,28.6,12.0,20.0,1.0
2023-07-03T17:20,28.73,12.0,20.0,1.0
2023-07-03T17:25,28.87,12.0,20.0,1.0
2023-07-03T17:30,29.0,12.0,20.0,1.0
2023-07-03T17:35,29.13,12.0,20.0,1.0
2023-07-03T17:40,29.27,12.0,20.0,1.0
2023-07-03T17:45,29.4,12.0,20.0,1.0
2023-07-03T17:50,29.53,12.0,20.0,1.0
2023-07-03T17:55,29.67,12.0,20.0,1.0
2023-07-03T18:00,29.8,2.0,4.0,0.1
2023-07-03T18:05,29.88,2.0,4.0,0.1
2023-07-03T18:10,29.95,2.0,4.0,0.1
2023-07-03T18:15,30.02,2.0,4.0,0.1
2023-07-03T18:20,30.1,2.0,4.0,0.1
2023-07-03T18:25,30.18,2.0,4.0,0.1
2023-07-03T18:30,30.25,2.0,4.0,0.1
2023-07-03T18:35,30.32,2.0,4.0,0.1
2023-07-03T18:40,30.4,2.0,4.0,0.1
2023-07-03T18:45,30.48,2.0,4.0,0.1
2023-07-03T18:50,30.55,2.0,4.0,0.1
2023-07-03T18:55,30.62,2.0,4.0,0.1
2023-07-03T19:00,30.7,2.0,4.0,0.1
2023-07-03T19:05,30.74,2.0,4.0,0.1
2023-07-03T19:10,30.78,2.0,4.0,0.1
2023-07-03T19:15,30.82,2.0,4.0,0.1
2023-07-03T19:20,30.87,2.0,4.0,0.1
2023-07-03T19:25,30.91,2.0,4.0,0.1
2023-07-03T19:30,30.95,2.0,4.0,0.1
2023-07-03T19:35,30.99,2.0,4.0,0.1
2023-07-03T19:40,31.03,2.0,4.0,0.1
2023-07-03T19:45,31.07,2.0,4.0,0.1
2023-07-03T19:50,31.12,2.0,4.0,0.1
2023-07-03T19:55,31.16,2.0,4.0,0.1
2023-07-03T20:00,31.2,2.0,4.0,0.1
2023-07-03T20:05,31.13,2.0,4.0,0.1
2023-07-03T20:10,31.07,2.0,4.0,0.1
2023-07-03T20:15,31.0,2.0,4.0,0.1
2023-07-03T20:20,30.93,2.0,4.0,0.1
2023-07-03T20:25,30.87,2.0,4.0,0.1
2023-07-03T20:30,30.8,2.0,4.0,0.1
2023-07-03T20:35,30.73,2.0,4.0,0.1
2023-07-03T20:40,30.67,2.0,4.0,0.1
2023-07-03T20:45,30.6,2.0,4.0,0.1
2023-07-03T20:50,30.53,2.0,4.0,0.1
2023-07-03T20:55,30.47,2.0,4.0,0.1
2023-07-03T21:00,30.4,2.0,4.0,0.1
2023-07-03T21:05,30.2,2.0,4.0,0.1
2023-07-03T21:10,30.0,2.0,4.0,0.1
2023-07-03T21:15,29.8,2.0,4.0,0.1
2023-07-03T21:20,29.6,2.0,4.0,0.1
2023-07-03T21:25,29.4,2.0,4.0,0.1
2023-07-03T21:30,29.2,2.0,4.0,0.1
2023-07-03T21:35,29.0,2.0,4.0,0.1
2023-07-03T21:40,28.8,2.0,4.0,0.1
2023-07-03T21:45,28.6,2.0,4.0,0.1
2023-07-03T21:50,28.4,2.0,4.0,0.1
2023-07-03T21:55,28.2,2.0,4.0,0.1
2023-07-03T22:00,28.0,2.0,4.0,0.1
2023-07-03T22:05,27.74,2.0,4.0,0.1
2023-07-03T22:10,27.48,2.0,4.0,0.1
2023-07-03T22:15,27.23,2.0,4.0,0.1
2023-07-03T22:20,26.97,2.0,4.0,0.1
2023-07-03T22:25,26.71,2.0,4.0,0.1
2023-07-03T22:30,26.45,2.0,4.0,0.1
2023-07-03T22:35,26.19,2.0,4.0,0.1
2023-07-03T22:40,25.93,2.0,4.0,0.1
2023-07-03T22:45,25.67,2.0,4.0,0.1
2023-07-03T22:50,25.42,2.0,4.0,0.1
2023-07-03T22:55,25.16,2.0,4.0,0.1
2023-07-03T23:00,24.9,2.0,4.0,0.1
2023-07-03T23:05,24.96,2.0,4.0,0.1
2023-07-03T23:10,25.02,2.0,4.0,0.1
2023-07-03T23:15,25.07,2.0,4.0,0.1
2023-07-03T23:20,25.13,2.0,4.0,0.1
2023-07-03T23:25,25.19,2.0,4.0,0.1
2023-07-03T23:30,25.25,2.0,4.0,0.1
2023-07-03T23:35,25.31,2.0,4.0,0.1
2023-07-03T23:40,25.37,2.0,4.0,0.1
2023-07-03T23:45,25.43,2.0,4.0,0.1
2023-07-03T23:50,25.48,2.0,4.0,0.1
2023-07-03T23:55,25.54,2.0,4.0,0.1
2023-07-04T00:00,25.6,2.0,4.0,0.1
2023-07-04T00:05,25.48,2.0,4.0,0.1
2023-07-04T00:10,25.35,2.0,4.0,0.1
2023-07-04T00:15,25.23,2.0,4.0,0.1
2023-07-04T00:20,25.1,2.0,4.0,0.1
2023-07-04T00:25,24.98,2.0,4.0,0.1
2023-07-04T00:30,24.85,2.0,4.0,0.1
2023-07-04T00:35,24.73,2.0,4.0,0.1
2023-07-04T00:40,24.6,2.0,4.0,0.1
2023-07-04T00:45,24.48,2.0,4.0,0.1
2023-07-04T00:50,24.35,2.0,4.0,0.1
2023-07-04T00:55,24.23,2.0,4.0,0.1
2023-07-04T01:00,24.1,2.0,4.0,0.1
2023-07-04T01:05,24.08,2.0,4.0,0.1
2023-07-04T01:10,24.05,2.0,4.0,0.1
2023-07-04T01:15,24.03,2.0,4.0,0.1
2023-07-04T01:20,24.0,2.0,4.0,0.1
2023-07-04T01:25,23.98,2.0,4.0,0.1
2023-07-04T01:30,23.95,2.0,4.0,0.1
2023-07-04T01:35,23.93,2.0,4.0,0.1
2023-07-04T01:40,23.9,2.0,4.0,0.1
2023-07-04T01:45,23.88,2.0,4.0,0.1
2023-07-04T01:50,23.85,2.0,4.0,0.1
2023-07-04T01:55,23.82,2.0,4.0,0.1
2023-07-04T02:00,23.8,2.0,4.0,0.1
2023-07-04T02:05,23.82,2.0,4.0,0.1
2023-07-04T02:10,23.83,2.0,4.0,0.1
2023-07-04T02:15,23.85,2.0,4.0,0.1
2023-07-04T02:20,23.87,2.0,4.0,0.1
2023-07-04T02:25,23.88,2.0,4.0,0.1
2023-07-04T02:30,23.9,2.0,4.0,0.1
2023-07-04T02:35,23.92,2.0,4.0,0.1
2023-07-04T02:40,23.93,2.0,4.0,0.1
2023-07-04T02:45,23.95,2.0,4.0,0.1
2023-07-04T02:50,23.97,2.0,4.0,0.1
2023-07-04T02:55,23.98,2.0,4.0,0.1
2023-07-04T03:00,24.0,2.0,4.0,0.1
2023-07-04T03:05,23.93,2.0,4.0,0.1
2023-07-04T03:10,23.87,2.0,4.0,0.1
2023-07-04T03:15,23.8,2.0,4.0,0.1
2023-07-04T03:20,23.73,2.0,4.0,0.1
2023-07-04T03:25,23.67,2.0,4.0,0.1
2023-07-04T03:30,23.6,2.0,4.0,0.1
2023-07-04T03:35,23.53,2.0,4.0,0.1
2023-07-04T03:40,23.47,2.0,4.0,0.1
2023-07-04T03:45,23.4,2.0,4.0,0.1
2023-07-04T03:50,23.33,2.0,4.0,0.1
2023-07-04T03:55,23.27,2.0,4.0,0.1
2023-07-04T04:00,23.2,2.0,4.0,0.1
2023-07-04T04:05,23.16,2.0,4.0,0.1
2023-07-04T04:10,23.12,2.0,4.0,0.1
2023-07-04T04:15,23.07,2.0,4.0,0.1
2023-07-04T04:20,23.03,2.0,4.0,0.1
2023-07-04T04:25,22.99,2.0,4.0,0.1
2023-07-04T04:30,22.95,2.0,4.0,0.1
2023-07-04T04:35,22.91,2.0,4.0,0.1
2023-07-04T04:40,22.87,2.0,4.0,0.1
2023-07-04T04:45,22.82,2.0,4.0,0.1
2023-07-04T04:50,22.78,2.0,4.0,0.1
2023-07-04T04:55,22.74,2.0,4.0,0.1
2023-07-04T05:00,22.7,2.0,4.0,0.1
2023-07-04T05:05,22.68,2.0,4.0,0.1
2023-07-04T05:10,22.67,2.0,4.0,0.1
2023-07-04T05:15,22.65,2.0,4.0,0.1
2023-07-04T05:20,22.63,2.0,4.0,0.1
2023-07-04T05:25,22.62,2.0,4.0,0.1
2023-07-04T05:30,22.6,2.0,4.0,0.1
2023-07-04T05:35,22.58,2.0,4.0,0.1
2023-07-04T05:40,22.57,2.0,4.0,0.1
2023-07-04T05:45,22.55,2.0,4.0,0.1
2023-07-04T05:50,22.53,2.0,4.0,0.1
2023-07-04T05:55,22.52,2.0,4.0,0.1
2023-07-04T06:00,22.5,2.0,4.0,0.1
2023-07-04T06:05,22.44,2.0,4.0,0.1
2023-07-04T06:10,22.38,2.0,4.0,0.1
2023-07-04T06:15,22.32,2.0,4.0,0.1
2023-07-04T06:20,22.27,2.0,4.0,0.1
2023-07-04T06:25,22.21,2.0,4.0,0.1
2023-07-04T06:30,22.15,2.0,4.0,0.1
2023-07-04T06:35,22.09,2.0,4.0,0.1
2023-07-04T06:40,22.03,2.0,4.0,0.1
2023-07-04T06:45,21.98,2.0,4.0,0.1
2023-07-04T06:50,21.92,2.0,4.0,0.1
2023-07-04T06:55,21.86,2.0,4.0,0.1
2023-07-04T07:00,21.8,2.0,4.0,0.1
2023-07-04T07:05,21.8,2.0,4.0,0.1
2023-07-04T07:10,21.8,2.0,4.0,0.1
2023-07-04T07:15,21.8,2.0,4.0,0.1
2023-07-04T07:20,21.8,2.0,4.0,0.1
2023-07-04T07:25,21.8,2.0,4.0,0.1
2023-07-04T07:30,21.8,2.0,4.0,0.1
2023-07-04T07:35,21.8,2.0,4.0,0.1
2023-07-04T07:40,21.8,2.0,4.0,0.1
2023-07-04T07:45,21.8,2.0,4.0,0.1
2023-07-04T07:50,21.8,2.0,4.0,0.1
2023-07-04T07:55,21.8,2.0,4.0,0.1
2023-07-04T08:00,21.8,12.0,20.0,1.0
2023-07-04T08:05,21.78,12.0,20.0,1.0
2023-07-04T08:10,21.75,12.0,20.0,1.0
2023-07-04T08:15,21.73,12.0,20.0,1.0
2023-07-04T08:20,21.7,12.0,20.0,1.0
2023-07-04T08:25,21.68,12.0,20.0,1.0
2023-07-04T08:30,21.65,12.0,20.0,1.0
2023-07-04T08:35,21.62,12.0,20.0,1.0
2023-07-04T08:40,21.6,12.0,20.0,1.0
2023-07-04T08:45,21.57,12.0,20.0,1.0
2023-07-04T08:50,21.55,12.0,20.0,1.0
2023-07-04T08:55,21.52,12.0,20.0,1.0
2023-07-04T09:00,21.5,12.0,20.0,1.0
2023-07-04T09:05,21.48,12.0,20.0,1.0
2023-07-04T09:10,21.47,12.0,20.0,1.0
2023-07-04T09:15,21.45,12.0,20.0,1.0
2023-07-04T09:20,21.43,12.0,20.0,1.0
2023-07-04T09:25,21.42,12.0,20.0,1.0
2023-07-04T09:30,21.4,12.0,20.0,1.0
2023-07-04T09:35,21.38,12.0,20.0,1.0
2023-07-04T09:40,21.37,12.0,20.0,1.0
2023-07-04T09:45,21.35,12.0,20.0,1.0
2023-07-04T09:50,21.33,12.0,20.0,1.0
2023-07-04T09:55,21.32,12.0,20.0,1.0
2023-07-04T10:00,21.3,12.0,20.0,1.0
2023-07-04T10:05,21.35,12.0,20.0,1.0
2023-07-04T10:10,21.4,12.0,20.0,1.0
2023-07-04T10:15,21.45,12.0,20.0,1.0
2023-07-04T10:20,21.5,12.0,20.0,1.0
2023-07-04T10:25,21.55,12.0,20.0,1.0
2023-07-04T10:30,21.6,12.0,20.0,1.0
2023-07-04T10:35,21.65,12.0,20.0,1.0
2023-07-04T10:40,21.7,12.0,20.0,1.0
2023-07-04T10:45,21.75,12.0,20.0,1.0
2023-07-04T10:50,21.8,12.0,20.0,1.0
2023-07-04T10:55,21.85,12.0,20.0,1.0
2023-07-04T11:00,21.9,12.0,20.0,1.0
2023-07-04T11:05,21.92,12.0,20.0,1.0
2023-07-04T11:10,21.93,12.0,20.0,1.0
2023-07-04T11:15,21.95,12.0,20.0,1.0
2023-07-04T11:20,21.97,12.0,20.0,1.0
2023-07-04T11:25,21.98,12.0,20.0,1.0
2023-07-04T11:30,22.0,12.0,20.0,1.0
2023-07-04T11:35,22.02,12.0,20.0,1.0
2023-07-04T11:40,22.03,12.0,20.0,1.0
2023-07-04T11:45,22.05,12.0,20.0,1.0
2023-07-04T11:50,22.07,12.0,20.0,1.0
2023-07-04T11:55,22.08,12.0,20.0,1.0
2023-07-04T12:00,22.1,12.0,20.0,1.0
2023-07-04T12:05,22.25,12.0,20.0,1.0
2023-07-04T12:10,22.4,12.0,20.0,1.0
2023-07-04T12:15,22.55,12.0,20.0,1.0
2023-07-04T12:20,22.7,12.0,20.0,1.0
2023-07-04T12:25,22.85,12.0,20.0,1.0
2023-07-04T12:30,23.0,12.0,20.0,1.0
2023-07-04T12:35,23.15,12.0,20.0,1.0
2023-07-04T12:40,23.3,12.0,20.0,1.0
2023-07-04T12:45,23.45,12.0,20.0,1.0
2023-07-04T12:50,23.6,12.0,20.0,1.0
2023-07-04T12:55,23.75,12.0,20.0,1.0
2023-07-04T13:00,23.9,12.0,20.0,1.0
2023-07-04T13:05,23.95,12.0,20.0,1.0
2023-07-04T13:10,24.0,12.0,20.0,1.0
2023-07-04T13:15,24.05,12.0,20.0,1.0
2023-07-04T13:20,24.1,12.0,20.0,1.0
2023-07-04T13:25,24.15,12.0,20.0,1.0
2023-07-04T13:30,24.2,12.0,20.0,1.0
2023-07-04T13:35,24.25,12.0,20.0,1.0
2023-07-04T13:40,24.3,12.0,20.0,1.0
2023-07-04T13:45,24.35,12.0,20.0,1.0
2023-07-04T13:50,24.4,12.0,20.0,1.0
2023-07-04T13:55,24.45,12.0,20.0,1.0
2023-07-04T14:00,24.5,12.0,20.0,1.0
2023-07-04T14:05,24.59,12.0,20.0,1.0
2023-07-04T14:10,24.68,12.0,20.0,1.0
2023-07-04T14:15,24.77,12.0,20.0,1.0
2023-07-04T14:20,24.87,12.0,20.0,1.0
2023-07-04T14:25,24.96,12.0,20.0,1.0
2023-07-04T14:30,25.05,12.0,20.0,1.0
2023-07-04T14:35,25.14,12.0,20.0,1.0
2023-07-04T14:40,25.23,12.0,20.0,1.0
2023-07-04T14:45,25.33,12.0,20.0,1.0
2023-07-04T14:50,25.42,12.0,20.0,1.0
2023-07-04T14:55,25.51,12.0,20.0,1.0
2023-07-04T15:00,25.6,12.0,20.0,1.0
2023-07-04T15:05,25.73,12.0,20.0,1.0
2023-07-04T15:10,25.85,12.0,20.0,1.0
2023-07-04T15:15,25.98,12.0,20.0,1.0
2023-07-04T15:20,26.1,12.0,20.0,1.0
2023-07-04T15:25,26.23,12.0,20.0,1.0
2023-07-04T15:30,26.35,12.0,20.0,1.0
2023-07-04T15:35,26.48,12.0,20.0,1.0
2023-07-04T15:40,26.6,12.0,20.0,1.0
2023-07-04T15:45,26.73,12.0,20.0,1.0
2023-07-04T15:50,26.85,12.0,20.0,1.0
2023-07-04T15:55,26.98,12.0,20.0,1.0
2023-07-04T16:00,27.1,12.0,20.0,1.0
2023-07-04T16:05,27.21,12.0,20.0,1.0
2023-07-04T16:10,27.32,12.0,20.0,1.0
2023-07-04T16:15,27.43,12.0,20.0,1.0
2023-07-04T16:20,27.53,12.0,20.0,1.0
2023-07-04T16:25,27.64,12.0,20.0,1.0
2023-07-04T16:30,27.75,12.0,20.0,1.0
2023-07-04T16:35,27.86,12.0,20.0,1.0
2023-07-04T16:40,27.97,12.0,20.0,1.0
2023-07-04T16:45,28.07,12.0,20.0,1.0
2023-07-04T16:50,28.18,12.0,20.0,1.0
2023-07-04T16:55,28.29,12.0,20.0,1.0
2023-07-04T17:00,28.4,12.0,20.0,1.0
2023-07-04T17:05,28.46,12.0,20.0,1.0
2023-07-04T17:10,28.52,12.0,20.0,1.0
2023-07-04T17:15,28.57,12.0,20.0,1.0
2023-07-04T17:20,28.63,12.0,20.0,1.0
2023-07-04T17:25,28.69,12.0,20.0,1.0
2023-07-04T17:30,28.75,12.0,20.0,1.0
2023-07-04T17:35,28.81,12.0,20.0,1.0
2023-07-04T17:40,28.87,12.0,20.0,1.0
2023-07-04T17:45,28.93,12.0,20.0,1.0
2023-07-04T17:50,28.98,12.0,20.0,1.0
2023-07-04T17:55,29.04,12.0,20.0,1.0
2023-07-04T18:00,29.1,2.0,4.0,0.1
2023-07-04T18:05,29.12,2.0,4.0,0.1
2023-07-04T18:10,29.15,2.0,4.0,0.1
2023-07-04T18:15,29.18,2.0,4.0,0.1
2023-07-04T18:20,29.2,2.0,4.0,0.1
2023-07-04T18:25,29.23,2.0,4.0,0.1
2023-07-04T18:30,29.25,2.0,4.0,0.1
2023-07-04T18:35,29.27,2.0,4.0,0.1
2023-07-04T18:40,29.3,2.0,4.0,0.1
2023-07-04T18:45,29.32,2.0,4.0,0.1
2023-07-04T18:50,29.35,2.0,4.0,0.1
2023-07-04T18:55,29.38,2.0,4.0,0.1
2023-07-04T19:00,29.4,2.0,4.0,0.1
2023-07-04T19:05,29.31,2.0,4.0,0.1
2023-07-04T19:10,29.22,2.0,4.0,0.1
2023-07-04T19:15,29.12,2.0,4.0,0.1
2023-07-04T19:20,29.03,2.0,4.0,0.1
2023-07-04T19:25,28.94,2.0,4.0,0.1
2023-07-04T19:30,28.85,2.0,4.0,0.1
2023-07-04T19:35,28.76,2.0,4.0,0.1
2023-07-04T19:40,28.67,2.0,4.0,0.1
2023-07-04T19:45,28.57,2.0,4.0,0.1
2023-07-04T19:50,28.48,2.0,4.0,0.1
2023-07-04T19:55,28.39,2.0,4.0,0.1
2023-07-04T20:00,28.3,2.0,4.0,0.1
2023-07-04T20:05,28.16,2.0,4.0,0.1
2023-07-04T20:10,28.02,2.0,4.0,0.1
2023-07-04T20:15,27.88,2.0,4.0,0.1
2023-07-04T20:20,27.73,2.0,4.0,0.1
2023-07-04T20:25,27.59,2.0,4.0,0.1
2023-07-04T20:30,27.45,2.0,4.0,0.1
2023-07-04T20:35,27.31,2.0,4.0,0.1
2023-07-04T20:40,27.17,2.0,4.0,0.1
2023-07-04T20:45,27.03,2.0,4.0,0.1
2023-07-04T20:50,26.88,2.0,4.0,0.1
2023-07-04T20:55,26.74,2.0,4.0,0.1
2023-07-04T21:00,26.6,2.0,4.0,0.1
2023-07-04T21:05,26.65,2.0,4.0,0.1
2023-07-04T21:10,26.7,2.0,4.0,0.1
2023-07-04T21:15,26.75,2.0,4.0,0.1
2023-07-04T21:20,26.8,2.0,4.0,0.1
2023-07-04T21:25,26.85,2.0,4.0,0.1
2023-07-04T21:30,26.9,2.0,4.0,0.1
2023-07-04T21:35,26.95,2.0,4.0,0.1
2023-07-04T21:40,27.0,2.0,4.0,0.1
2023-07-04T21:45,27.05,2.0,4.0,0.1
2023-07-04T21:50,27.1,2.0,4.0,0.1
2023-07-04T21:55,27.15,2.0,4.0,0.1
2023-07-04T22:00,27.2,2.0,4.0,0.1
2023-07-04T22:05,27.2,2.0,4.0,0.1
2023-07-04T22:10,27.2,2.0,4.0,0.1
2023-07-04T22:15,27.2,2.0,4.0,0.1
2023-07-04T22:20,27.2,2.0,4.0,0.1
2023-07-04T22:25,27.2,2.0,4.0,0.1
2023-07-04T22:30,27.2,2.0,4.0,0.1
2023-07-04T22:35,27.2,2.0,4.0,0.1
2023-07-04T22:40,27.2,2.0,4.0,0.1
2023-07-04T22:45,27.2,2.0,4.0,0.1
2023-07-04T22:50,27.2,2.0,4.0,0.1
2023-07-04T22:55,27.2,2.0,4.0,0.1
2023-07-04T23:00,27.2,2.0,4.0,0.1
2023-07-04T23:05,27.02,2.0,4.0,0.1
2023-07-04T23:10,26.85,2.0,4.0,0.1
2023-07-04T23:15,26.68,2.0,4.0,0.1
2023-07-04T23:20,26.5,2.0,4.0,0.1
2023-07-04T23:25,26.32,2.0,4.0,0.1
2023-07-04T23:30,26.15,2.0,4.0,0.1
2023-07-04T23:35,25.98,2.0,4.0,0.1
2023-07-04T23:40,25.8,2.0,4.0,0.1
2023-07-04T23:45,25.62,2.0,4.0,0.1
2023-07-04T23:50,25.45,2.0,4.0,0.1
2023-07-04T23:55,25.28,2.0,4.0,0.1
2023-07-05T00:00,25.1,2.0,4.0,0.1
2023-07-05T00:05,25.03,2.0,4.0,0.1
2023-07-05T00:10,24.97,2.0,4.0,0.1
2023-07-05T00:15,24.9,2.0,4.0,0.1
2023-07-05T00:20,24.83,2.0,4.0,0.1
2023-07-05T00:25,24.77,2.0,4.0,0.1
2023-07-05T00:30,24.7,2.0,4.0,0.1
2023-07-05T00:35,24.63,2.0,4.0,0.1
2023-07-05T00:40,24.57,2.0,4.0,0.1
2023-07-05T00:45,24.5,2.0,4.0,0.1
2023-07-05T00:50,24.43,2.0,4.0,0.1
2023-07-05T00:55,24.37,2.0,4.0,0.1
2023-07-05T01:00,24.3,2.0,4.0,0.1
2023-07-05T01:05,24.32,2.0,4.0,0.1
2023-07-05T01:10,24.33,2.0,4.0,0.1
2023-07-05T01:15,24.35,2.0,4.0,0.1
2023-07-05T01:20,24.37,2.0,4.0,0.1
2023-07-05T01:25,24.38,2.0,4.0,0.1
2023-07-05T01:30,24.4,2.0,4.0,0.1
2023-07-05T01:35,24.42,2.0,4.0,0.1
2023-07-05T01:40,24.43,2.0,4.0,0.1
2023-07-05T01:45,24.45,2.0,4.0,0.1
2023-07-05T01:50,24.47,2.0,4.0,0.1
2023-07-05T01:55,24.48,2.0,4.0,0.1
2023-07-05T02:00,24.5,2.0,4.0,0.1
2023-07-05T02:05,24.41,2.0,4.0,0.1
2023-07-05T02:10,24.32,2.0,4.0,0.1
2023-07-05T02:15,24.23,2.0,4.0,0.1
2023-07-05T02:20,24.13,2.0,4.0,0.1
2023-07-05T02:25,24.04,2.0,4.0,0.1
2023-07-05T02:30,23.95,2.0,4.0,0.1
2023-07-05T02:35,23.86,2.0,4.0,0.1
2023-07-05T02:40,23.77,2.0,4.0,0.1
2023-07-05T02:45,23.67,2.0,4.0,0.1
2023-07-05T02:50,23.58,2.0,4.0,0.1
2023-07-05T02:55,23.49,2.0,4.0,0.1
2023-07-05T03:00,23.4,2.0,4.0,0.1
2023-07-05T03:05,23.5,2.0,4.0,0.1
2023-07-05T03:10,23.6,2.0,4.0,0.1
2023-07-05T03:15,23.7,2.0,4.0,0.1
2023-07-05T03:20,23.8,2.0,4.0,0.1
2023-07-05T03:25,23.9,2.0,4.0,0.1
2023-07-05T03:30,24.0,2.0,4.0,0.1
2023-07-05T03:35,24.1,2.0,4.0,0.1
2023-07-05T03:40,24.2,2.0,4.0,0.1
2023-07-05T03:45,24.3,2.0,4.0,0.1
2023-07-05T03:50,24.4,2.0,4.0,0.1
2023-07-05T03:55,24.5,2.0,4.0,0.1
2023-07-05T04:00,24.6,2.0,4.0,0.1
2023-07-05T04:05,24.43,2.0,4.0,0.1
2023-07-05T04:10,24.25,2.0,4.0,0.1
2023-07-05T04:15,24.08,2.0,4.0,0.1
2023-07-05T04:20,23.9,2.0,4.0,0.1
2023-07-05T04:25,23.73,2.0,4.0,0.1
2023-07-05T04:30,23.55,2.0,4.0,0.1
2023-07-05T04:35,23.38,2.0,4.0,0.1
2023-07-05T04:40,23.2,2.0,4.0,0.1
2023-07-05T04:45,23.02,2.0,4.0,0.1
2023-07-05T04:50,22.85,2.0,4.0,0.1
2023-07-05T04:55,22.68,2.0,4.0,0.1
2023-07-05T05:00,22.5,2.0,4.0,0.1
2023-07-05T05:05,22.47,2.0,4.0,0.1
2023-07-05T05:10,22.43,2.0,4.0,0.1
2023-07-05T05:15,22.4,2.0,4.0,0.1
2023-07-05T05:20,22.37,2.0,4.0,0.1
2023-07-05T05:25,22.33,2.0,4.0,0.1
2023-07-05T05:30,22.3,2.0,4.0,0.1
2023-07-05T05:35,22.27,2.0,4.0,0.1
2023-07-05T05:40,22.23,2.0,4.0,0.1
2023-07-05T05:45,22.2,2.0,4.0,0.1
2023-07-05T05:50,22.17,2.0,4.0,0.1
2023-07-05T05:55,22.13,2.0,4.0,0.1
2023-07-05T06:00,22.1,2.0,4.0,0.1
2023-07-05T06:05,22.08,2.0,4.0,0.1
2023-07-05T06:10,22.07,2.0,4.0,0.1
2023-07-05T06:15,22.05,2.0,4.0,0.1
2023-07-05T06:20,22.03,2.0,4.0,0.1
2023-07-05T06:25,22.02,2.0,4.0,0.1
2023-07-05T06:30,22.0,2.0,4.0,0.1
2023-07-05T06:35,21.98,2.0,4.0,0.1
2023-07-05T06:40,21.97,2.0,4.0,0.1
2023-07-05T06:45,21.95,2.0,4.0,0.1
2023-07-05T06:50,21.93,2.0,4.0,0.1
2023-07-05T06:55,21.92,2.0,4.0,0.1
2023-07-05T07:00,21.9,2.0,4.0,0.1
2023-07-05T07:05,21.87,2.0,4.0,0.1
2023-07-05T07:10,21.83,2.0,4.0,0.1
2023-07-05T07:15,21.8,2.0,4.0,0.1
2023-07-05T07:20,21.77,2.0,4.0,0.1
2023-07-05T07:25,21.73,2.0,4.0,0.1
2023-07-05T07:30,21.7,2.0,4.0,0.1
2023-07-05T07:35,21.67,2.0,4.0,0.1
2023-07-05T07:40,21.63,2.0,4.0,0.1
2023-07-05T07:45,21.6,2.0,4.0,0.1
2023-07-05T07:50,21.57,2.0,4.0,0.1
2023-07-05T07:55,21.53,2.0,4.0,0.1
2023-07-05T08:00,21.5,12.0,20.0,1.0
2023-07-05T08:05,21.47,12.0,20.0,1.0
2023-07-05T08:10,21.43,12.0,20.0,1.0
2023-07-05T08:15,21.4,12.0,20.0,1.0
2023-07-05T08:20,21.37,12.0,20.0,1.0
2023-07-05T08:25,21.33,12.0,20.0,1.0
2023-07-05T08:30,21.3,12.0,20.0,1.0
2023-07-05T08:35,21.27,12.0,20.0,1.0
2023-07-05T08:40,21.23,12.0,20.0,1.0
2023-07-05T08:45,21.2,12.0,20.0,1.0
2023-07-05T08:50,21.17,12.0,20.0,1.0
2023-07-05T08:55,21.13,12.0,20.0,1.0
2023-07-05T09:00,21.1,12.0,20.0,1.0
2023-07-05T09:05,21.11,12.0,20.0,1.0
2023-07-05T09:10,21.12,12.0,20.0,1.0
2023-07-05T09:15,21.12,12.0,20.0,1.0
2023-07-05T09:20,21.13,12.0,20.0,1.0
2023-07-05T09:25,21.14,12.0,20.0,1.0
2023-07-05T09:30,21.15,12.0,20.0,1.0
2023-07-05T09:35,21.16,12.0,20.0,1.0
2023-07-05T09:40,21.17,12.0,20.0,1.0
2023-07-05T09:45,21.18,12.0,20.0,1.0
2023-07-05T09:50,21.18,12.0,20.0,1.0
2023-07-05T09:55,21.19,12.0,20.0,1.0
2023-07-05T10:00,21.2,12.0,20.0,1.0
2023-07-05T10:05,21.27,12.0,20.0,1.0
2023-07-05T10:10,21.33,12.0,20.0,1.0
2023-07-05T10:15,21.4,12.0,20.0,1.0
2023-07-05T10:20,21.47,12.0,20.0,1.0
2023-07-05T10:25,21.53,12.0,20.0,1.0
2023-07-05T10:30,21.6,12.0,20.0,1.0
2023-07-05T10:35,21.67,12.0,20.0,1.0
2023-07-05T10:40,21.73,12.0,20.0,1.0
2023-07-05T10:45,21.8,12.0,20.0,1.0
2023-07-05T10:50,21.87,12.0,20.0,1.0
2023-07-05T10:55,21.93,12.0,20.0,1.0
2023-07-05T11:00,22.0,12.0,20.0,1.0
2023-07-05T11:05,22.12,12.0,20.0,1.0
2023-07-05T11:10,22.25,12.0,20.0,1.0
2023-07-05T11:15,22.38,12.0,20.0,1.0
2023-07-05T11:20,22.5,12.0,20.0,1.0
2023-07-05T11:25,22.62,12.0,20.0,1.0
2023-07-05T11:30,22.75,12.0,20.0,1.0
2023-07-05T11:35,22.88,12.0,20.0,1.0
2023-07-05T11:40,23.0,12.0,20.0,1.0
2023-07-05T11:45,23.12,12.0,20.0,1.0
2023-07-05T11:50,23.25,12.0,20.0,1.0
2023-07-05T11:55,23.38,12.0,20.0,1.0
2023-07-05T12:00,23.5,12.0,20.0,1.0
2023-07-05T12:05,23.68,12.0,20.0,1.0
2023-07-05T12:10,23.85,12.0,20.0,1.0
2023-07-05T12:15,24.02,12.0,20.0,1.0
2023-07-05T12:20,24.2,12.0,20.0,1.0
2023-07-05T12:25,24.38,12.0,20.0,1.0
2023-07-05T12:30,24.55,12.0,20.0,1.0
2023-07-05T12:35,24.73,12.0,20.0,1.0
2023-07-05T12:40,24.9,12.0,20.0,1.0
2023-07-05T12:45,25.08,12.0,20.0,1.0
2023-07-05T12:50,25.25,12.0,20.0,1.0
2023-07-05T12:55,25.43,12.0,20.0,1.0
2023-07-05T13:00,25.6,12.0,20.0,1.0
2023-07-05T13:05,25.77,12.0,20.0,1.0
2023-07-05T13:10,25.93,12.0,20.0,1.0
2023-07-05T13:15,26.1,12.0,20.0,1.0
2023-07-05T13:20,26.27,12.0,20.0,1.0
2023-07-05T13:25,26.43,12.0,20.0,1.0
2023-07-05T13:30,26.6,12.0,20.0,1.0
2023-07-05T13:35,26.77,12.0,20.0,1.0
2023-07-05T13:40,26.93,12.0,20.0,1.0
2023-07-05T13:45,27.1,12.0,20.0,1.0
2023-07-05T13:50,27.27,12.0,20.0,1.0
2023-07-05T13:55,27.43,12.0,20.0,1.0
2023-07-05T14:00,27.6,12.0,20.0,1.0
2023-07-05T14:05,27.73,12.0,20.0,1.0
2023-07-05T14:10,27.87,12.0,20.0,1.0
2023-07-05T14:15,28.0,12.0,20.0,1.0
2023-07-05T14:20,28.13,12.0,20.0,1.0
2023-07-05T14:25,28.27,12.0,20.0,1.0
2023-07-05T14:30,28.4,12.0,20.0,1.0
2023-07-05T14:35,28.53,12.0,20.0,1.0
2023-07-05T14:40,28.67,12.0,20.0,1.0
2023-07-05T14:45,28.8,12.0,20.0,1.0
2023-07-05T14:50,28.93,12.0,20.0,1.0
2023-07-05T14:55,29.07,12.0,20.0,1.0
2023-07-05T15:00,29.2,12.0,20.0,1.0
2023-07-05T15:05,29.3,12.0,20.0,1.0
2023-07-05T15:10,29.4,12.0,20.0,1.0
2023-07-05T15:15,29.5,12.0,20.0,1.0
2023-07-05T15:20,29.6,12.0,20.0,1.0
2023-07-05T15:25,29.7,12.0,20.0,1.0
2023-07-05T15:30,29.8,12.0,20.0,1.0
2023-07-05T15:35,29.9,12.0,20.0,1.0
2023-07-05T15:40,30.0,12.0,20.0,1.0
2023-07-05T15:45,30.1,12.0,20.0,1.0
2023-07-05T15:50,30.2,12.0,20.0,1.0
2023-07-05T15:55,30.3,12.0,20.0,1.0
2023-07-05T16:00,30.4,12.0,20.0,1.0
2023-07-05T16:05,30.46,12.0,20.0,1.0
2023-07-05T16:10,30.52,12.0,20.0,1.0
2023-07-05T16:15,30.57,12.0,20.0,1.0
2023-07-05T16:20,30.63,12.0,20.0,1.0
2023-07-05T16:25,30.69,12.0,20.0,1.0
2023-07-05T16:30,30.75,12.0,20.0,1.0
2023-07-05T16:35,30.81,12.0,20.0,1.0
2023-07-05T16:40,30.87,12.0,20.0,1.0
2023-07-05T16:45,30.93,12.0,20.0,1.0
2023-07-05T16:50,30.98,12.0,20.0,1.0
2023-07-05T16:55,31.04,12.0,20.0,1.0
2023-07-05T17:00,31.1,12.0,20.0,1.0
2023-07-05T17:05,31.16,12.0,20.0,1.0
2023-07-05T17:10,31.22,12.0,20.0,1.0
2023-07-05T17:15,31.28,12.0,20.0,1.0
2023-07-05T17:20,31.33,12.0,20.0,1.0
2023-07-05T17:25,31.39,12.0,20.0,1.0
2023-07-05T17:30,31.45,12.0,20.0,1.0
2023-07-05T17:35,31.51,12.0,20.0,1.0
2023-07-05T17:40,31.57,12.0,20.0,1.0
2023-07-05T17:45,31.62,12.0,20.0,1.0
2023-07-05T17:50,31.68,12.0,20.0,1.0
2023-07-05T17:55,31.74,12.0,20.0,1.0
2023-07-05T18:00,31.8,2.0,4.0,0.1
2023-07-05T18:05,31.83,2.0,4.0,0.1
2023-07-05T18:10,31.87,2.0,4.0,0.1
2023-07-05T18:15,31.9,2.0,4.0,0.1
2023-07-05T18:20,31.93,2.0,4.0,0.1
2023-07-05T18:25,31.97,2.0,4.0,0.1
2023-07-05T18:30,32.0,2.0,4.0,0.1
2023-07-05T18:35,32.03,2.0,4.0,0.1
2023-07-05T18:40,32.07,2.0,4.0,0.1
2023-07-05T18:45,32.1,2.0,4.0,0.1
2023-07-05T18:50,32.13,2.0,4.0,0.1
2023-07-05T18:55,32.17,2.0,4.0,0.1
2023-07-05T19:00,32.2,2.0,4.0,0.1
2023-07-05T19:05,32.21,2.0,4.0,0.1
2023-07-05T19:10,32.22,2.0,4.0,0.1
2023-07-05T19:15,32.23,2.0,4.0,0.1
2023-07-05T19:20,32.23,2.0,4.0,0.1
2023-07-05T19:25,32.24,2.0,4.0,0.1
2023-07-05T19:30,32.25,2.0,4.0,0.1
2023-07-05T19:35,32.26,2.0,4.0,0.1
2023-07-05T19:40,32.27,2.0,4.0,0.1
2023-07-05T19:45,32.27,2.0,4.0,0.1
2023-07-05T19:50,32.28,2.0,4.0,0.1
2023-07-05T19:55,32.29,2.0,4.0,0.1
2023-07-05T20:00,32.3,2.0,4.0,0.1
2023-07-05T20:05,32.22,2.0,4.0,0.1
2023-07-05T20:10,32.15,2.0,4.0,0.1
2023-07-05T20:15,32.07,2.0,4.0,0.1
2023-07-05T20:20,32.0,2.0,4.0,0.1
2023-07-05T20:25,31.92,2.0,4.0,0.1
2023-07-05T20:30,31.85,2.0,4.0,0.1
2023-07-05T20:35,31.77,2.0,4.0,0.1
2023-07-05T20:40,31.7,2.0,4.0,0.1
2023-07-05T20:45,31.62,2.0,4.0,0.1
2023-07-05T20:50,31.55,2.0,4.0,0.1
2023-07-05T20:55,31.47,2.0,4.0,0.1
2023-07-05T21:00,31.4,2.0,4.0,0.1
2023-07-05T21:05,31.23,2.0,4.0,0.1
2023-07-05T21:10,31.07,2.0,4.0,0.1
2023-07-05T21:15,30.9,2.0,4.0,0.1
2023-07-05T21:20,30.73,2.0,4.0,0.1
2023-07-05T21:25,30.57,2.0,4.0,0.1
2023-07-05T21:30,30.4,2.0,4.0,0.1
2023-07-05T21:35,30.23,2.0,4.0,0.1
2023-07-05T21:40,30.07,2.0,4.0,0.1
2023-07-05T21:45,29.9,2.0,4.0,0.1
2023-07-05T21:50,29.73,2.0,4.0,0.1
2023-07-05T21:55,29.57,2.0,4.0,0.1
2023-07-05T22:00,29.4,2.0,4.0,0.1
2023-07-05T22:05,29.28,2.0,4.0,0.1
2023-07-05T22:10,29.17,2.0,4.0,0.1
2023-07-05T22:15,29.05,2.0,4.0,0.1
2023-07-05T22:20,28.93,2.0,4.0,0.1
2023-07-05T22:25,28.82,2.0,4.0,0.1
2023-07-05T22:30,28.7,2.0,4.0,0.1
2023-07-05T22:35,28.58,2.0,4.0,0.1
2023-07-05T22:40,28.47,2.0,4.0,0.1
2023-07-05T22:45,28.35,2.0,4.0,0.1
2023-07-05T22:50,28.23,2.0,4.0,0.1
2023-07-05T22:55,28.12,2.0,4.0,0.1
2023-07-05T23:00,28.0,2.0,4.0,0.1
2023-07-05T23:05,27.95,2.0,4.0,0.1
2023-07-05T23:10,27.9,2.0,4.0,0.1
2023-07-05T23:15,27.85,2.0,4.0,0.1
2023-07-05T23:20,27.8,2.0,4.0,0.1
2023-07-05T23:25,27.75,2.0,4.0,0.1
2023-07-05T23:30,27.7,2.0,4.0,0.1
2023-07-05T23:35,27.65,2.0,4.0,0.1
2023-07-05T23:40,27.6,2.0,4.0,0.1
2023-07-05T23:45,27.55,2.0,4.0,0.1
2023-07-05T23:50,27.5,2.0,4.0,0.1
2023-07-05T23:55,27.45,2.0,4.0,0.1
2023-07-06T00:00,27.4,2.0,4.0,0.1
2023-07-06T00:05,27.29,2.0,4.0,0.1
2023-07-06T00:10,27.18,2.0,4.0,0.1
2023-07-06T00:15,27.07,2.0,4.0,0.1
2023-07-06T00:20,26.97,2.0,4.0,0.1
2023-07-06T00:25,26.86,2.0,4.0,0.1
2023-07-06T00:30,26.75,2.0,4.0,0.1
2023-07-06T00:35,26.64,2.0,4.0,0.1
2023-07-06T00:40,26.53,2.0,4.0,0.1
2023-07-06T00:45,26.43,2.0,4.0,0.1
2023-07-06T00:50,26.32,2.0,4.0,0.1
2023-07-06T00:55,26.21,2.0,4.0,0.1
2023-07-06T01:00,26.1,2.0,4.0,0.1
2023-07-06T01:05,26.0,2.0,4.0,0.1
2023-07-06T01:10,25.9,2.0,4.0,0.1
2023-07-06T01:15,25.8,2.0,4.0,0.1
2023-07-06T01:20,25.7,2.0,4.0,0.1
2023-07-06T01:25,25.6,2.0,4.0,0.1
2023-07-06T01:30,25.5,2.0,4.0,0.1
2023-07-06T01:35,25.4,2.0,4.0,0.1
2023-07-06T01:40,25.3,2.0,4.0,0.1
2023-07-06T01:45,25.2,2.0,4.0,0.1
2023-07-06T01:50,25.1,2.0,4.0,0.1
2023-07-06T01:55,25.0,2.0,4.0,0.1
2023-07-06T02:00,24.9,2.0,4.0,0.1
2023-07-06T02:05,24.83,2.0,4.0,0.1
2023-07-06T02:10,24.77,2.0,4.0,0.1
2023-07-06T02:15,24.7,2.0,4.0,0.1
2023-07-06T02:20,24.63,2.0,4.0,0.1
2023-07-06T02:25,24.57,2.0,4.0,0.1
2023-07-06T02:30,24.5,2.0,4.0,0.1
2023-07-06T02:35,24.43,2.0,4.0,0.1
2023-07-06T02:40,24.37,2.0,4.0,0.1
2023-07-06T02:45,24.3,2.0,4.0,0.1
2023-07-06T02:50,24.23,2.0,4.0,0.1
2023-07-06T02:55,24.17,2.0,4.0,0.1
2023-07-06T03:00,24.1,2.0,4.0,0.1
2023-07-06T03:05,24.06,2.0,4.0,0.1
2023-07-06T03:10,24.02,2.0,4.0,0.1
2023-07-06T03:15,23.98,2.0,4.0,0.1
2023-07-06T03:20,23.93,2.0,4.0,0.1
2023-07-06T03:25,23.89,2.0,4.0,0.1
2023-07-06T03:30,23.85,2.0,4.0,0.1
2023-07-06T03:35,23.81,2.0,4.0,0.1
2023-07-06T03:40,23.77,2.0,4.0,0.1
2023-07-06T03:45,23.73,2.0,4.0,0.1
2023-07-06T03:50,23.68,2.0,4.0,0.1
2023-07-06T03:55,23.64,2.0,4.0,0.1
2023-07-06T04:00,23.6,2.0,4.0,0.1
2023-07-06T04:05,23.57,2.0,4.0,0.1
2023-07-06T04:10,23.53,2.0,4.0,0.1
2023-07-06T04:15,23.5,2.0,4.0,0.1
2023-07-06T04:20,23.47,2.0,4.0,0.1
2023-07-06T04:25,23.43,2.0,4.0,0.1
2023-07-06T04:30,23.4,2.0,4.0,0.1
2023-07-06T04:35,23.37,2.0,4.0,0.1
2023-07-06T04:40,23.33,2.0,4.0,0.1
2023-07-06T04:45,23.3,2.0,4.0,0.1
2023-07-06T04:50,23.27,2.0,4.0,0.1
2023-07-06T04:55,23.23,2.0,4.0,0.1
2023-07-06T05:00,23.2,2.0,4.0,0.1
2023-07-06T05:05,23.17,2.0,4.0,0.1
2023-07-06T05:10,23.13,2.0,4.0,0.1
2023-07-06T05:15,23.1,2.0,4.0,0.1
2023-07-06T05:20,23.07,2.0,4.0,0.1
2023-07-06T05:25,23.03,2.0,4.0,0.1
2023-07-06T05:30,23.0,2.0,4.0,0.1
2023-07-06T05:35,22.97,2.0,4.0,0.1
2023-07-06T05:40,22.93,2.0,4.0,0.1
2023-07-06T05:45,22.9,2.0,4.0,0.1
2023-07-06T05:50,22.87,2.0,4.0,0.1
2023-07-06T05:55,22.83,2.0,4.0,0.1
2023-07-06T06:00,22.8,2.0,4.0,0.1
2023-07-06T06:05,22.78,2.0,4.0,0.1
2023-07-06T06:10,22.75,2.0,4.0,0.1
2023-07-06T06:15,22.73,2.0,4.0,0.1
2023-07-06T06:20,22.7,2.0,4.0,0.1
2023-07-06T06:25,22.68,2.0,4.0,0.1
2023-07-06T06:30,22.65,2.0,4.0,0.1
2023-07-06T06:35,22.62,2.0,4.0,0.1
2023-07-06T06:40,22.6,2.0,4.0,0.1
2023-07-06T06:45,22.57,2.0,4.0,0.1
2023-07-06T06:50,22.55,2.0,4.0,0.1
2023-07-06T06:55,22.52,2.0,4.0,0.1
2023-07-06T07:00,22.5,2.0,4.0,0.1
2023-07-06T07:05,22.44,2.0,4.0,0.1
2023-07-06T07:10,22.38,2.0,4.0,0.1
2023-07-06T07:15,22.32,2.0,4.0,0.1
2023-07-06T07:20,22.27,2.0,4.0,0.1
2023-07-06T07:25,22.21,2.0,4.0,0.1
2023-07-06T07:30,22.15,2.0,4.0,0.1
2023-07-06T07:35,22.09,2.0,4.0,0.1
2023-07-06T07:40,22.03,2.0,4.0,0.1
2023-07-06T07:45,21.98,2.0,4.0,0.1
2023-07-06T07:50,21.92,2.0,4.0,0.1
2023-07-06T07:55,21.86,2.0,4.0,0.1
2023-07-06T08:00,21.8,12.0,20.0,1.0
2023-07-06T08:05,21.78,12.0,20.0,1.0
2023-07-06T08:10,21.75,12.0,20.0,1.0
2023-07-06T08:15,21.73,12.0,20.0,1.0
2023-07-06T08:20,21.7,12.0,20.0,1.0
2023-07-06T08:25,21.68,12.0,20.0,1.0
2023-07-06T08:30,21.65,12.0,20.0,1.0
2023-07-06T08:35,21.62,12.0,20.0,1.0
2023-07-06T08:40,21.6,12.0,20.0,1.0
2023-07-06T08:45,21.57,12.0,20.0,1.0
2023-07-06T08:50,21.55,12.0,20.0,1.0
2023-07-06T08:55,21.52,12.0,20.0,1.0
2023-07-06T09:00,21.5,12.0,20.0,1.0
2023-07-06T09:05,21.51,12.0,20.0,1.0
2023-07-06T09:10,21.52,12.0,20.0,1.0
2023-07-06T09:15,21.52,12.0,20.0,1.0
2023-07-06T09:20,21.53,12.0,20.0,1.0
2023-07-06T09:25,21.54,12.0,20.0,1.0
2023-07-06T09:30,21.55,12.0,20.0,1.0
2023-07-06T09:35,21.56,12.0,20.0,1.0
2023-07-06T09:40,21.57,12.0,20.0,1.0
2023-07-06T09:45,21.58,12.0,20.0,1.0
2023-07-06T09:50,21.58,12.0,20.0,1.0
2023-07-06T09:55,21.59,12.0,20.0,1.0
2023-07-06T10:00,21.6,12.0,20.0,1.0
2023-07-06T10:05,21.76,12.0,20.0,1.0
2023-07-06T10:10,21.92,12.0,20.0,1.0
2023-07-06T10:15,22.08,12.0,20.0,1.0
2023-07-06T10:20,22.23,12.0,20.0,1.0
2023-07-06T10:25,22.39,12.0,20.0,1.0
2023-07-06T10:30,22.55,12.0,20.0,1.0
2023-07-06T10:35,22.71,12.0,20.0,1.0
2023-07-06T10:40,22.87,12.0,20.0,1.0
2023-07-06T10:45,23.02,12.0,20.0,1.0
2023-07-06T10:50,23.18,12.0,20.0,1.0
2023-07-06T10:55,23.34,12.0,20.0,1.0
2023-07-06T11:00,23.5,12.0,20.0,1.0
2023-07-06T11:05,23.72,12.0,20.0,1.0
2023-07-06T11:10,23.93,12.0,20.0,1.0
2023-07-06T11:15,24.15,12.0,20.0,1.0
2023-07-06T11:20,24.37,12.0,20.0,1.0
2023-07-06T11:25,24.58,12.0,20.0,1.0
2023-07-06T11:30,24.8,12.0,20.0,1.0
2023-07-06T11:35,25.02,12.0,20.0,1.0
2023-07-06T11:40,25.23,12.0,20.0,1.0
2023-07-06T11:45,25.45,12.0,20.0,1.0
2023-07-06T11:50,25.67,12.0,20.0,1.0
2023-07-06T11:55,25.88,12.0,20.0,1.0
2023-07-06T12:00,26.1,12.0,20.0,1.0
2023-07-06T12:05,26.27,12.0,20.0,1.0
2023-07-06T12:10,26.43,12.0,20.0,1.0
2023-07-06T12:15,26.6,12.0,20.0,1.0
2023-07-06T12:20,26.77,12.0,20.0,1.0
2023-07-06T12:25,26.93,12.0,20.0,1.0
2023-07-06T12:30,27.1,12.0,20.0,1.0
2023-07-06T12:35,27.27,12.0,20.0,1.0
2023-07-06T12:40,27.43,12.0,20.0,1.0
2023-07-06T12:45,27.6,12.0,20.0,1.0
2023-07-06T12:50,27.77,12.0,20.0,1.0
2023-07-06T12:55,27.93,12.0,20.0,1.0
2023-07-06T13:00,28.1,12.0,20.0,1.0
2023-07-06T13:05,28.22,12.0,20.0,1.0
2023-07-06T13:10,28.33,12.0,20.0,1.0
2023-07-06T13:15,28.45,12.0,20.0,1.0
2023-07-06T13:20,28.57,12.0,20.0,1.0
2023-07-06T13:25,28.68,12.0,20.0,1.0
2023-07-06T13:30,28.8,12.0,20.0,1.0
2023-07-06T13:35,28.92,12.0,20.0,1.0
2023-07-06T13:40,29.03,12.0,20.0,1.0
2023-07-06T13:45,29.15,12.0,20.0,1.0
2023-07-06T13:50,29.27,12.0,20.0,1.0
2023-07-06T13:55,29.38,12.0,20.0,1.0
2023-07-06T14:00,29.5,12.0,20.0,1.0
2023-07-06T14:05,29.58,12.0,20.0,1.0
2023-07-06T14:10,29.67,12.0,20.0,1.0
2023-07-06T14:15,29.75,12.0,20.0,1.0
2023-07-06T14:20,29.83,12.0,20.0,1.0
2023-07-06T14:25,29.92,12.0,20.0,1.0
2023-07-06T14:30,30.0,12.0,20.0,1.0
2023-07-06T14:35,30.08,12.0,20.0,1.0
2023-07-06T14:40,30.17,12.0,20.0,1.0
2023-07-06T14:45,30.25,12.0,20.0,1.0
2023-07-06T14:50,30.33,12.0,20.0,1.0
2023-07-06T14:55,30.42,12.0,20.0,1.0
2023-07-06T15:00,30.5,12.0,20.0,1.0
2023-07-06T15:05,30.51,12.0,20.0,1.0
2023-07-06T15:10,30.52,12.0,20.0,1.0
2023-07-06T15:15,30.52,12.0,20.0,1.0
2023-07-06T15:20,30.53,12.0,20.0,1.0
2023-07-06T15:25,30.54,12.0,20.0,1.0
2023-07-06T15:30,30.55,12.0,20.0,1.0
2023-07-06T15:35,30.56,12.0,20.0,1.0
2023-07-06T15:40,30.57,12.0,20.0,1.0
2023-07-06T15:45,30.58,12.0,20.0,1.0
2023-07-06T15:50,30.58,12.0,20.0,1.0
2023-07-06T15:55,30.59,12.0,20.0,1.0
2023-07-06T16:00,30.6,12.0,20.0,1.0
2023-07-06T16:05,30.64,12.0,20.0,1.0
2023-07-06T16:10,30.68,12.0,20.0,1.0
2023-07-06T16:15,30.73,12.0,20.0,1.0
2023-07-06T16:20,30.77,12.0,20.0,1.0
2023-07-06T16:25,30.81,12.0,20.0,1.0
2023-07-06T16:30,30.85,12.0,20.0,1.0
2023-07-06T16:35,30.89,12.0,20.0,1.0
2023-07-06T16:40,30.93,12.0,20.0,1.0
2023-07-06T16:45,30.98,12.0,20.0,1.0
2023-07-06T16:50,31.02,12.0,20.0,1.0
2023-07-06T16:55,31.06,12.0,20.0,1.0
2023-07-06T17:00,31.1,12.0,20.0,1.0
2023-07-06T17:05,31.12,12.0,20.0,1.0
2023-07-06T17:10,31.13,12.0,20.0,1.0
2023-07-06T17:15,31.15,12.0,20.0,1.0
2023-07-06T17:20,31.17,12.0,20.0,1.0
2023-07-06T17:25,31.18,12.0,20.0,1.0
2023-07-06T17:30,31.2,12.0,20.0,1.0
2023-07-06T17:35,31.22,12.0,20.0,1.0
2023-07-06T17:40,31.23,12.0,20.0,1.0
2023-07-06T17:45,31.25,12.0,20.0,1.0
2023-07-06T17:50,31.27,12.0,20.0,1.0
2023-07-06T17:55,31.28,12.0,20.0,1.0
2023-07-06T18:00,31.3,2.0,4.0,0.1
2023-07-06T18:05,31.27,2.0,4.0,0.1
2023-07-06T18:10,31.23,2.0,4.0,0.1
2023-07-06T18:15,31.2,2.0,4.0,0.1
2023-07-06T18:20,31.17,2.0,4.0,0.1
2023-07-06T18:25,31.13,2.0,4.0,0.1
2023-07-06T18:30,31.1,2.0,4.0,0.1
2023-07-06T18:35,31.07,2.0,4.0,0.1
2023-07-06T18:40,31.03,2.0,4.0,0.1
2023-07-06T18:45,31.0,2.0,4.0,0.1
2023-07-06T18:50,30.97,2.0,4.0,0.1
2023-07-06T18:55,30.93,2.0,4.0,0.1
2023-07-06T19:00,30.9,2.0,4.0,0.1
2023-07-06T19:05,30.82,2.0,4.0,0.1
2023-07-06T19:10,30.73,2.0,4.0,0.1
2023-07-06T19:15,30.65,2.0,4.0,0.1
2023-07-06T19:20,30.57,2.0,4.0,0.1
2023-07-06T19:25,30.48,2.0,4.0,0.1
2023-07-06T19:30,30.4,2.0,4.0,0.1
2023-07-06T19:35,30.32,2.0,4.0,0.1
2023-07-06T19:40,30.23,2.0,4.0,0.1
2023-07-06T19:45,30.15,2.0,4.0,0.1
2023-07-06T19:50,30.07,2.0,4.0,0.1
2023-07-06T19:55,29.98,2.0,4.0,0.1
2023-07-06T20:00,29.9,2.0,4.0,0.1
2023-07-06T20:05,29.8,2.0,4.0,0.1
2023-07-06T20:10,29.7,2.0,4.0,0.1
2023-07-06T20:15,29.6,2.0,4.0,0.1
2023-07-06T20:20,29.5,2.0,4.0,0.1
2023-07-06T20:25,29.4,2.0,4.0,0.1
2023-07-06T20:30,29.3,2.0,4.0,0.1
2023-07-06T20:35,29.2,2.0,4.0,0.1
2023-07-06T20:40,29.1,2.0,4.0,0.1
2023-07-06T20:45,29.0,2.0,4.0,0.1
2023-07-06T20:50,28.9,2.0,4.0,0.1
2023-07-06T20:55,28.8,2.0,4.0,0.1
2023-07-06T21:00,28.7,2.0,4.0,0.1
2023-07-06T21:05,28.59,2.0,4.0,0.1
2023-07-06T21:10,28.48,2.0,4.0,0.1
2023-07-06T21:15,28.38,2.0,4.0,0.1
2023-07-06T21:20,28.27,2.0,4.0,0.1
2023-07-06T21:25,28.16,2.0,4.0,0.1
2023-07-06T21:30,28.05,2.0,4.0,0.1
2023-07-06T21:35,27.94,2.0,4.0,0.1
2023-07-06T21:40,27.83,2.0,4.0,0.1
2023-07-06T21:45,27.72,2.0,4.0,0.1
2023-07-06T21:50,27.62,2.0,4.0,0.1
2023-07-06T21:55,27.51,2.0,4.0,0.1
2023-07-06T22:00,27.4,2.0,4.0,0.1
2023-07-06T22:05,27.31,2.0,4.0,0.1
2023-07-06T22:10,27.22,2.0,4.0,0.1
2023-07-06T22:15,27.12,2.0,4.0,0.1
2023-07-06T22:20,27.03,2.0,4.0,0.1
2023-07-06T22:25,26.94,2.0,4.0,0.1
2023-07-06T22:30,26.85,2.0,4.0,0.1
2023-07-06T22:35,26.76,2.0,4.0,0.1
2023-07-06T22:40,26.67,2.0,4.0,0.1
2023-07-06T22:45,26.57,2.0,4.0,0.1
2023-07-06T22:50,26.48,2.0,4.0,0.1
2023-07-06T22:55,26.39,2.0,4.0,0.1
2023-07-06T23:00,26.3,2.0,4.0,0.1
2023-07-06T23:05,26.18,2.0,4.0,0.1
2023-07-06T23:10,26.05,2.0,4.0,0.1
2023-07-06T23:15,25.93,2.0,4.0,0.1
2023-07-06T23:20,25.8,2.0,4.0,0.1
2023-07-06T23:25,25.68,2.0,4.0,0.1
2023-07-06T23:30,25.55,2.0,4.0,0.1
2023-07-06T23:35,25.43,2.0,4.0,0.1
2023-07-06T23:40,25.3,2.0,4.0,0.1
2023-07-06T23:45,25.18,2.0,4.0,0.1
2023-07-06T23:50,25.05,2.0,4.0,0.1
2023-07-06T23:55,24.93,2.0,4.0,0.1
2023-07-07T00:00,24.8,2.0,4.0,0.1
2023-07-07T00:05,24.69,2.0,4.0,0.1
2023-07-07T00:10,24.58,2.0,4.0,0.1
2023-07-07T00:15,24.48,2.0,4.0,0.1
2023-07-07T00:20,24.37,2.0,4.0,0.1
2023-07-07T00:25,24.26,2.0,4.0,0.1
2023-07-07T00:30,24.15,2.0,4.0,0.1
2023-07-07T00:35,24.04,2.0,4.0,0.1
2023-07-07T00:40,23.93,2.0,4.0,0.1
2023-07-07T00:45,23.82,2.0,4.0,0.1
2023-07-07T00:50,23.72,2.0,4.0,0.1
2023-07-07T00:55,23.61,2.0,4.0,0.1
2023-07-07T01:00,23.5,2.0,4.0,0.1
2023-07-07T01:05,23.46,2.0,4.0,0.1
2023-07-07T01:10,23.42,2.0,4.0,0.1
2023-07-07T01:15,23.38,2.0,4.0,0.1
2023-07-07T01:20,23.33,2.0,4.0,0.1
2023-07-07T01:25,23.29,2.0,4.0,0.1
2023-07-07T01:30,23.25,2.0,4.0,0.1
2023-07-07T01:35,23.21,2.0,4.0,0.1
2023-07-07T01:40,23.17,2.0,4.0,0.1
2023-07-07T01:45,23.12,2.0,4.0,0.1
2023-07-07T01:50,23.08,2.0,4.0,0.1
2023-07-07T01:55,23.04,2.0,4.0,0.1
2023-07-07T02:00,23.0,2.0,4.0,0.1
2023-07-07T02:05,22.96,2.0,4.0,0.1
2023-07-07T02:10,22.92,2.0,4.0,0.1
2023-07-07T02:15,22.88,2.0,4.0,0.1
2023-07-07T02:20,22.83,2.0,4.0,0.1
2023-07-07T02:25,22.79,2.0,4.0,0.1
2023-07-07T02:30,22.75,2.0,4.0,0.1
2023-07-07T02:35,22.71,2.0,4.0,0.1
2023-07-07T02:40,22.67,2.0,4.0,0.1
2023-07-07T02:45,22.62,2.0,4.0,0.1
2023-07-07T02:50,22.58,2.0,4.0,0.1
2023-07-07T02:55,22.54,2.0,4.0,0.1
2023-07-07T03:00,22.5,2.0,4.0,0.1
2023-07-07T03:05,22.47,2.0,4.0,0.1
2023-07-07T03:10,22.43,2.0,4.0,0.1
2023-07-07T03:15,22.4,2.0,4.0,0.1
2023-07-07T03:20,22.37,2.0,4.0,0.1
2023-07-07T03:25,22.33,2.0,4.0,0.1
2023-07-07T03:30,22.3,2.0,4.0,0.1
2023-07-07T03:35,22.27,2.0,4.0,0.1
2023-07-07T03:40,22.23,2.0,4.0,0.1
2023-07-07T03:45,22.2,2.0,4.0,0.1
2023-07-07T03:50,22.17,2.0,4.0,0.1
2023-07-07T03:55,22.13,2.0,4.0,0.1
2023-07-07T04:00,22.1,2.0,4.0,0.1
2023-07-07T04:05,22.12,2.0,4.0,0.1
2023-07-07T04:10,22.13,2.0,4.0,0.1
2023-07-07T04:15,22.15,2.0,4.0,0.1
2023-07-07T04:20,22.17,2.0,4.0,0.1
2023-07-07T04:25,22.18,2.0,4.0,0.1
2023-07-07T04:30,22.2,2.0,4.0,0.1
2023-07-07T04:35,22.22,2.0,4.0,0.1
2023-07-07T04:40,22.23,2.0,4.0,0.1
2023-07-07T04:45,22.25,2.0,4.0,0.1
2023-07-07T04:50,22.27,2.0,4.0,0.1
2023-07-07T04:55,22.28,2.0,4.0,0.1
2023-07-07T05:00,22.3,2.0,4.0,0.1
2023-07-07T05:05,22.32,2.0,4.0,0.1
2023-07-07T05:10,22.35,2.0,4.0,0.1
2023-07-07T05:15,22.38,2.0,4.0,0.1
2023-07-07T05:20,22.4,2.0,4.0,0.1
2023-07-07T05:25,22.43,2.0,4.0,0.1
2023-07-07T05:30,22.45,2.0,4.0,0.1
2023-07-07T05:35,22.48,2.0,4.0,0.1
2023-07-07T05:40,22.5,2.0,4.0,0.1
2023-07-07T05:45,22.53,2.0,4.0,0.1
2023-07-07T05:50,22.55,2.0,4.0,0.1
2023-07-07T05:55,22.58,2.0,4.0,0.1
2023-07-07T06:00,22.6,2.0,4.0,0.1
2023-07-07T06:05,22.58,2.0,4.0,0.1
2023-07-07T06:10,22.57,2.0,4.0,0.1
2023-07-07T06:15,22.55,2.0,4.0,0.1
2023-07-07T06:20,22.53,2.0,4.0,0.1
2023-07-07T06:25,22.52,2.0,4.0,0.1
2023-07-07T06:30,22.5,2.0,4.0,0.1
2023-07-07T06:35,22.48,2.0,4.0,0.1
2023-07-07T06:40,22.47,2.0,4.0,0.1
2023-07-07T06:45,22.45,2.0,4.0,0.1
2023-07-07T06:50,22.43,2.0,4.0,0.1
2023-07-07T06:55,22.42,2.0,4.0,0.1
2023-07-07T07:00,22.4,2.0,4.0,0.1
2023-07-07T07:05,22.38,2.0,4.0,0.1
2023-07-07T07:10,22.35,2.0,4.0,0.1
2023-07-07T07:15,22.32,2.0,4.0,0.1
2023-07-07T07:20,22.3,2.0,4.0,0.1
2023-07-07T07:25,22.27,2.0,4.0,0.1
2023-07-07T07:30,22.25,2.0,4.0,0.1
2023-07-07T07:35,22.23,2.0,4.0,0.1
2023-07-07T07:40,22.2,2.0,4.0,0.1
2023-07-07T07:45,22.18,2.0,4.0,0.1
2023-07-07T07:50,22.15,2.0,4.0,0.1
2023-07-07T07:55,22.12,2.0,4.0,0.1
2023-07-07T08:00,22.1,12.0,20.0,1.0
2023-07-07T08:05,22.09,12.0,20.0,1.0
2023-07-07T08:10,22.08,12.0,20.0,1.0
2023-07-07T08:15,22.08,12.0,20.0,1.0
2023-07-07T08:20,22.07,12.0,20.0,1.0
2023-07-07T08:25,22.06,12.0,20.0,1.0
2023-07-07T08:30,22.05,12.0,20.0,1.0
2023-07-07T08:35,22.04,12.0,20.0,1.0
2023-07-07T08:40,22.03,12.0,20.0,1.0
2023-07-07T08:45,22.02,12.0,20.0,1.0
2023-07-07T08:50,22.02,12.0,20.0,1.0
2023-07-07T08:55,22.01,12.0,20.0,1.0
2023-07-07T09:00,22.0,12.0,20.0,1.0
2023-07-07T09:05,21.99,12.0,20.0,1.0
2023-07-07T09:10,21.98,12.0,20.0,1.0
2023-07-07T09:15,21.98,12.0,20.0,1.0
2023-07-07T09:20,21.97,12.0,20.0,1.0
2023-07-07T09:25,21.96,12.0,20.0,1.0
2023-07-07T09:30,21.95,12.0,20.0,1.0
2023-07-07T09:35,21.94,12.0,20.0,1.0
2023-07-07T09:40,21.93,12.0,20.0,1.0
2023-07-07T09:45,21.92,12.0,20.0,1.0
2023-07-07T09:50,21.92,12.0,20.0,1.0
2023-07-07T09:55,21.91,12.0,20.0,1.0
2023-07-07T10:00,21.9,12.0,20.0,1.0
2023-07-07T10:05,21.92,12.0,20.0,1.0
2023-07-07T10:10,21.93,12.0,20.0,1.0
2023-07-07T10:15,21.95,12.0,20.0,1.0
2023-07-07T10:20,21.97,12.0,20.0,1.0
2023-07-07T10:25,21.98,12.0,20.0,1.0
2023-07-07T10:30,22.0,12.0,20.0,1.0
2023-07-07T10:35,22.02,12.0,20.0,1.0
2023-07-07T10:40,22.03,12.0,20.0,1.0
2023-07-07T10:45,22.05,12.0,20.0,1.0
2023-07-07T10:50,22.07,12.0,20.0,1.0
2023-07-07T10:55,22.08,12.0,20.0,1.0
2023-07-07T11:00,22.1,12.0,20.0,1.0
2023-07-07T11:05,22.29,12.0,20.0,1.0
2023-07-07T11:10,22.48,12.0,20.0,1.0
2023-07-07T11:15,22.68,12.0,20.0,1.0
2023-07-07T11:20,22.87,12.0,20.0,1.0
2023-07-07T11:25,23.06,12.0,20.0,1.0
2023-07-07T11:30,23.25,12.0,20.0,1.0
2023-07-07T11:35,23.44,12.0,20.0,1.0
2023-07-07T11:40,23.63,12.0,20.0,1.0
2023-07-07T11:45,23.82,12.0,20.0,1.0
2023-07-07T11:50,24.02,12.0,20.0,1.0
2023-07-07T11:55,24.21,12.0,20.0,1.0
2023-07-07T12:00,24.4,12.0,20.0,1.0
2023-07-07T12:05,24.53,12.0,20.0,1.0
2023-07-07T12:10,24.67,12.0,20.0,1.0
2023-07-07T12:15,24.8,12.0,20.0,1.0
2023-07-07T12:20,24.93,12.0,20.0,1.0
2023-07-07T12:25,25.07,12.0,20.0,1.0
2023-07-07T12:30,25.2,12.0,20.0,1.0
2023-07-07T12:35,25.33,12.0,20.0,1.0
2023-07-07T12:40,25.47,12.0,20.0,1.0
2023-07-07T12:45,25.6,12.0,20.0,1.0
2023-07-07T12:50,25.73,12.0,20.0,1.0
2023-07-07T12:55,25.87,12.0,20.0,1.0
2023-07-07T13:00,26.0,12.0,20.0,1.0
2023-07-07T13:05,26.12,12.0,20.0,1.0
2023-07-07T13:10,26.23,12.0,20.0,1.0
2023-07-07T13:15,26.35,12.0,20.0,1.0
2023-07-07T13:20,26.47,12.0,20.0,1.0
2023-07-07T13:25,26.58,12.0,20.0,1.0
2023-07-07T13:30,26.7,12.0,20.0,1.0
2023-07-07T13:35,26.82,12.0,20.0,1.0
2023-07-07T13:40,26.93,12.0,20.0,1.0
2023-07-07T13:45,27.05,12.0,20.0,1.0
2023-07-07T13:50,27.17,12.0,20.0,1.0
2023-07-07T13:55,27.28,12.0,20.0,1.0
2023-07-07T14:00,27.4,12.0,20.0,1.0
2023-07-07T14:05,27.49,12.0,20.0,1.0
2023-07-07T14:10,27.58,12.0,20.0,1.0
2023-07-07T14:15,27.67,12.0,20.0,1.0
2023-07-07T14:20,27.77,12.0,20.0,1.0
2023-07-07T14:25,27.86,12.0,20.0,1.0
2023-07-07T14:30,27.95,12.0,20.0,1.0
2023-07-07T14:35,28.04,12.0,20.0,1.0
2023-07-07T14:40,28.13,12.0,20.0,1.0
2023-07-07T14:45,28.23,12.0,20.0,1.0
2023-07-07T14:50,28.32,12.0,20.0,1.0
2023-07-07T14:55,28.41,12.0,20.0,1.0
2023-07-07T15:00,28.5,12.0,20.0,1.0
2023-07-07T15:05,28.6,12.0,20.0,1.0
2023-07-07T15:10,28.7,12.0,20.0,1.0
2023-07-07T15:15,28.8,12.0,20.0,1.0
2023-07-07T15:20,28.9,12.0,20.0,1.0
2023-07-07T15:25,29.0,12.0,20.0,1.0
2023-07-07T15:30,29.1,12.0,20.0,1.0
2023-07-07T15:35,29.2,12.0,20.0,1.0
2023-07-07T15:40,29.3,12.0,20.0,1.0
2023-07-07T15:45,29.4,12.0,20.0,1.0
2023-07-07T15:50,29.5,12.0,20.0,1.0
2023-07-07T15:55,29.6,12.0,20.0,1.0
2023-07-07T16:00,29.7,12.0,20.0,1.0
2023-07-07T16:05,29.68,12.0,20.0,1.0
2023-07-07T16:10,29.67,12.0,20.0,1.0
2023-07-07T16:15,29.65,12.0,20.0,1.0
2023-07-07T16:20,29.63,12.0,20.0,1.0
2023-07-07T16:25,29.62,12.0,20.0,1.0
2023-07-07T16:30,29.6,12.0,20.0,1.0
2023-07-07T16:35,29.58,12.0,20.0,1.0
2023-07-07T16:40,29.57,12.0,20.0,1.0
2023-07-07T16:45,29.55,12.0,20.0,1.0
2023-07-07T16:50,29.53,12.0,20.0,1.0
2023-07-07T16:55,29.52,12.0,20.0,1.0
2023-07-07T17:00,29.5,12.0,20.0,1.0
2023-07-07T17:05,29.43,12.0,20.0,1.0
2023-07-07T17:10,29.35,12.0,20.0,1.0
2023-07-07T17:15,29.27,12.0,20.0,1.0
2023-07-07T17:20,29.2,12.0,20.0,1.0
2023-07-07T17:25,29.12,12.0,20.0,1.0
2023-07-07T17:30,29.05,12.0,20.0,1.0
2023-07-07T17:35,28.98,12.0,20.0,1.0
2023-07-07T17:40,28.9,12.0,20.0,1.0
2023-07-07T17:45,28.83,12.0,20.0,1.0
2023-07-07T17:50,28.75,12.0,20.0,1.0
2023-07-07T17:55,28.68,12.0,20.0,1.0
2023-07-07T18:00,28.6,2.0,4.0,0.1
2023-07-07T18:05,28.59,2.0,4.0,0.1
2023-07-07T18:10,28.58,2.0,4.0,0.1
2023-07-07T18:15,28.58,2.0,4.0,0.1
2023-07-07T18:20,28.57,2.0,4.0,0.1
2023-07-07T18:25,28.56,2.0,4.0,0.1
2023-07-07T18:30,28.55,2.0,4.0,0.1
2023-07-07T18:35,28.54,2.0,4.0,0.1
2023-07-07T18:40,28.53,2.0,4.0,0.1
2023-07-07T18:45,28.52,2.0,4.0,0.1
2023-07-07T18:50,28.52,2.0,4.0,0.1
2023-07-07T18:55,28.51,2.0,4.0,0.1
2023-07-07T19:00,28.5,2.0,4.0,0.1
2023-07-07T19:05,28.47,2.0,4.0,0.1
2023-07-07T19:10,28.43,2.0,4.0,0.1
2023-07-07T19:15,28.4,2.0,4.0,0.1
2023-07-07T19:20,28.37,2.0,4.0,0.1
2023-07-07T19:25,28.33,2.0,4.0,0.1
2023-07-07T19:30,28.3,2.0,4.0,0.1
2023-07-07T19:35,28.27,2.0,4.0,0.1
2023-07-07T19:40,28.23,2.0,4.0,0.1
2023-07-07T19:45,28.2,2.0,4.0,0.1
2023-07-07T19:50,28.17,2.0,4.0,0.1
2023-07-07T19:55,28.13,2.0,4.0,0.1
2023-07-07T20:00,28.1,2.0,4.0,0.1
2023-07-07T20:05,28.03,2.0,4.0,0.1
2023-07-07T20:10,27.97,2.0,4.0,0.1
2023-07-07T20:15,27.9,2.0,4.0,0.1
2023-07-07T20:20,27.83,2.0,4.0,0.1
2023-07-07T20:25,27.77,2.0,4.0,0.1
2023-07-07T20:30,27.7,2.0,4.0,0.1
2023-07-07T20:35,27.63,2.0,4.0,0.1
2023-07-07T20:40,27.57,2.0,4.0,0.1
2023-07-07T20:45,27.5,2.0,4.0,0.1
2023-07-07T20:50,27.43,2.0,4.0,0.1
2023-07-07T20:55,27.37,2.0,4.0,0.1
2023-07-07T21:00,27.3,2.0,4.0,0.1
2023-07-07T21:05,27.22,2.0,4.0,0.1
2023-07-07T21:10,27.13,2.0,4.0,0.1
2023-07-07T21:15,27.05,2.0,4.0,0.1
2023-07-07T21:20,26.97,2.0,4.0,0.1
2023-07-07T21:25,26.88,2.0,4.0,0.1
2023-07-07T21:30,26.8,2.0,4.0,0.1
2023-07-07T21:35,26.72,2.0,4.0,0.1
2023-07-07T21:40,26.63,2.0,4.0,0.1
2023-07-07T21:45,26.55,2.0,4.0,0.1
2023-07-07T21:50,26.47,2.0,4.0,0.1
2023-07-07T21:55,26.38,2.0,4.0,0.1
2023-07-07T22:00,26.3,2.0,4.0,0.1
2023-07-07T22:05,26.26,2.0,4.0,0.1
2023-07-07T22:10,26.22,2.0,4.0,0.1
2023-07-07T22:15,26.18,2.0,4.0,0.1
2023-07-07T22:20,26.13,2.0,4.0,0.1
2023-07-07T22:25,26.09,2.0,4.0,0.1
2023-07-07T22:30,26.05,2.0,4.0,0.1
2023-07-07T22:35,26.01,2.0,4.0,0.1
2023-07-07T22:40,25.97,2.0,4.0,0.1
2023-07-07T22:45,25.93,2.0,4.0,0.1
2023-07-07T22:50,25.88,2.0,4.0,0.1
2023-07-07T22:55,25.84,2.0,4.0,0.1
